GCA_003957525.2	Un
GCA_003957575.1	Un
GCA_004115175.2	Un
GCA_004115245.2	Un
GCA_004115295.1	Un
GCA_007364235.1	Un
GCA_007399395.1	Un
GCA_008658355.1	Un
GCA_008658365.1	1,10,11,12,13,14,15,16,17,18,19,2,20,21,22,23,24,25,3,4,5,6,7,8,9,Un
GCA_008658375.2	Un
GCA_009651025.1	Un
GCA_009762295.2	Un
GCA_009762545.1	Un
GCA_009764485.1	Un
GCA_009764505.1	Un
GCA_009764545.1	Un
GCA_009764595.1	1,10,11,12,13,14,15,16,17,18,19,2,20,21,22,23,24,25,26,27,28,29,3,30,31,32,4,5,6,7,8,9,Un
GCA_009769465.1	1,10,11,12,13,14,15,16,17,18,19,2,20,21,22,23,24,25,26,27,28,29,3,30,31,4,5,6,7,8,9,Un
GCA_009769485.2	Un
GCA_009769505.1	Un
GCA_009769515.1	Un
GCA_009769525.1	1,10,11,12,13,14,15,16,17,18,19,2,20,21,22,23,24,25,26,27,28,29,3,30,31,32,33,34,35,4,5,6,7,8,9,Un
GCA_009769595.1	Un
GCA_009769605.1	1,10,11,12,13,14,15,16,17,18,19,2,20,21,22,23,24,25,26,27,28,29,3,30,31,32,33,34,35,36,37,38,39,4,5,6,7,8,9,Un
GCA_009769695.1	Un
GCA_009819485.1	Un
GCA_009819505.2	Un
GCA_009819545.1	Un
GCA_009819585.1	Un
GCA_009819595.1	1,10,11,12,13,14,15,16,17,18,19,2,20,21,22,23,24,25,26,27,28,29,3,30,31,32,33,34,4,5,6,7,8,9,Un
GCA_009819605.1	1,10,11,12,13,14,15,16,17,18,19,2,20,21,22,23,24,25,3,4,5,6,7,8,9,Un
GCA_009819645.1	Un
GCA_009819715.1	Un
GCA_009819745.1	Un
GCA_009819775.1	1,10,11,12,13,14,15,16,17,18,19,2,20,21,22,23,24,25,26,27,28,29,3,30,31,4,5,6,7,8,9,Un
GCA_009819805.1	Un
GCA_009819825.1	1,10,11,12,13,14,15,16,17,18,19,2,20,21,22,23,24,25,26,27,28,29,3,30,31,32,33,34,35,36,37,38,39,4,40,41,42,43,44,45,46,47,48,49,5,50,6,7,8,9,Un
GCA_009819845.1	Un
GCA_009829135.1	Un
GCA_009829205.1	Un
GCA_010993595.1	Un
GCA_011004865.1	Un
GCA_011004875.1	1,10,11,12,13,14,15,16,17,18,19,2,20,21,22,23,24,25,26,27,28,29,3,30,31,32,33,34,35,4,5,6,7,8,9,Un
GCA_011078405.1	1,10,11,12,13,14,15,16,17,18,19,2,20,21,22,3,4,5,6,7,8,9,Un
GCA_011100535.2	1,10,11,12,13,14,15,16,17,18,19,2,20,21,22,3,4,5,6,7,8,9,Un
GCA_011100645.1	Un
GCA_011750645.1	Un
GCA_011762515.1	Un
GCA_011762535.1	Un
GCA_011762545.1	Un
GCA_012275265.1	Un
GCA_012275275.1	Un
GCA_013036085.2	1,10,11,12,13,14,15,16,17,18,19,2,20,21,22,23,24,3,4,5,6,7,8,9,Un
GCA_013036135.2	1,10,11,12,13,14,15,16,17,18,19,2,20,21,22,23,24,3,4,5,6,7,8,9,Un
GCA_013347815.1	Un
GCA_013347865.1	Un
GCA_013347915.1	Un
GCA_013358685.1	1,10,11,12,13,14,15,16,17,18,19,2,20,21,22,23,24,3,4,5,6,7,8,9,Un
GCA_013368575.1	Un
GCA_013368595.1	Un
GCA_013368605.1	1,10,11,12,13,14,15,16,17,18,19,2,20,21,22,23,24,25,26,27,28,29,3,30,31,32,33,34,35,36,4,5,6,7,8,9,Un
GCA_014839645.1	Un
GCA_014839755.1	1,10,11,12,13,14,15,16,17,18,19,2,20,21,22,23,24,25,26,27,28,29,3,30,31,32,33,34,35,36,4,5,6,7,8,9,Un
GCA_014839765.1	Un
GCA_014839825.1	Un
GCA_014839995.1	1,10,11,12,13,14,15,16,17,18,19,2,20,21,22,23,24,3,4,5,6,7,8,9,Un
GCA_015220095.1	Un
GCA_015220175.1	Un
GCA_015220195.2	Un
GCA_015220265.1	Un
GCA_015227815.3	Un
GCA_015832205.1	Un
GCA_015852515.1	Un
GCA_016880875.1	Un
GCA_016904835.1	1,10,11,12,13,14,15,16,17,18,19,2,20,21,22,23,24,25,26,27,28,29,3,30,31,32,33,34,35,36,4,5,6,7,8,9,Un
GCA_017639475.1	Un
GCA_017639485.1	1,10,11,12,13,14,15,16,17,18,19,2,20,21,22,23,24,25,26,27,28,29,3,30,31,32,33,34,35,36,4,5,6,7,8,9,Un
GCA_017639555.1	1,10,11,12,13,14,15,16,17,18,19,2,20,21,22,23,24,25,26,27,28,29,3,4,5,6,7,8,9,Un
GCA_017639645.1	Un
GCA_017639665.1	Un
GCA_017639675.1	1,10,11,12,13,14,15,16,17,18,19,2,20,3,4,5,6,7,8,9,Un
GCA_017639685.1	Un
GCA_017639755.1	Un
GCA_017976295.1	Un
GCA_017976305.1	Un
GCA_017976315.1	Un
GCA_018492705.1	Un
GCA_018852605.3	1,10,11,12,13,14,15,16,17,18,19,2,20,21,22,3,4,5,6,7,8,9
GCA_018852615.3	1,10,11,12,13,14,15,16,17,18,19,2,20,21,22,3,4,5,6,7,8,9
GCA_019395325.1	Un
GCA_019455525.1	1,10,11,12,13,14,15,16,17,18,19,2,20,21,22,23,3,4,5,6,7,8,9,Un
GCA_019455535.1	1,10,11,12,13,14,15,16,17,18,19,2,20,21,22,23,3,4,5,6,7,8,9,Un
GCA_020382915.1	Un
GCA_020740585.1	Un
GCA_020740595.1	Un
GCA_020740715.1	Un
GCA_020745675.1	Un
GCA_020745685.1	1,10,11,12,13,14,15,16,17,18,19,2,20,21,22,23,24,3,4,5,6,7,8,9,Un
GCA_020745695.1	Un
GCA_020745705.1	1,10,11,12,13,14,15,16,17,18,19,2,20,21,22,23,24,25,26,27,28,29,3,4,5,6,7,8,9,Un
GCA_020745765.1	Un
GCA_020745775.1	1,10,11,12,13,14,15,16,17,18,19,2,20,21,22,23,24,25,3,4,5,6,7,8,9,Un
GCA_020745805.1	Un
GCA_020746095.1	Un
GCA_020746105.1	1,10,11,12,13,14,15,16,17,18,19,2,20,21,22,23,24,25,26,27,28,29,3,30,31,32,33,34,35,36,37,38,39,4,40,5,6,7,8,9,Un
GCA_020800305.1	1,10,11,12,13,14,15,16,17,18,19,2,20,21,22,23,24,25,26,27,28,29,3,30,31,32,4,5,6,7,8,9,Un
GCA_020801775.1	Un
GCA_020826835.1	Un
GCA_021039105.1	Un
GCA_021039115.1	Un
GCA_021464565.1	Un
GCA_021464575.1	Un
GCA_021554675.1	1,10,11,12,13,14,15,16,17,18,19,2,20,21,22,23,24,25,3,4,5,6,7,8,9,Un
GCA_021554715.1	Un
GCA_022079275.1	Un
GCA_022086475.1	Un
GCA_022086895.1	Un
GCA_022577455.1	Un
GCA_022578425.1	Un
GCA_022605575.1	Un
GCA_022605895.1	Un
GCA_022605925.1	Un
GCA_022605955.1	Un
GCA_022682395.2	1,10,11,12,13,2,3,4,5,6,7,8,9,Un
GCA_022682495.2	1,10,11,12,13,2,3,4,5,6,7,8,9,Un
GCA_022702505.1	Un
GCA_022702665.1	Un
GCA_022749685.1	Un
GCA_022749735.1	Un
GCA_022828995.1	1,10,11,12,13,14,15,16,17,18,19,2,20,21,22,23,24,25,3,4,5,6,7,8,9,Un
GCA_022829025.1	1,10,11,12,13,14,15,16,17,18,19,2,20,21,22,23,24,25,3,4,5,6,7,8,9,Un
GCA_022829065.1	Un
GCA_022829075.1	Un
GCA_023053665.1	Un
GCA_023053675.2	Un
GCA_023053685.1	Un
GCA_023055335.1	Un
GCA_023055355.1	Un
GCA_023055385.1	Un
GCA_023055415.1	Un
GCA_023055505.1	Un
GCA_023055725.1	Un
GCA_023333525.1	Un
GCA_023333555.1	Un
GCA_023333635.1	Un
GCA_023333645.1	Un
GCA_023344045.1	Un
GCA_023349535.1	Un
GCA_023349555.1	Un
GCA_023362775.1	Un
GCA_023362785.1	Un
GCA_023566125.1	1,10,11,12,13,14,15,16,17,18,19,2,20,21,22,23,24,3,4,5,6,7,8,9,Un
GCA_023566215.1	Un
GCA_023566225.1	1,10,11,12,13,14,15,16,17,18,19,2,20,21,22,23,24,25,3,4,5,6,7,8,9,Un
GCA_023566415.1	Un
GCA_023566455.1	Un
GCA_023566465.1	1,10,11,12,13,14,15,16,17,18,19,2,20,21,22,23,24,3,4,5,6,7,8,9,Un
GCA_023631565.1	1,10,11,12,13,14,15,16,17,18,19,2,20,21,22,23,24,3,4,5,6,7,8,9,Un
GCA_023634095.1	Un
GCA_023634115.1	Un
GCA_023634145.1	10A,10B,11A,11B,12A,12B,13A,13B,14A,14B,15A,15B,16A,16B,17A,17B,18A,18B,19A,19B,1A,1B,20A,20B,21A,21B,22A,23A,23B,24A,24B,25A,2A,2B,3A,3B,4A,4B,5A,5B,6A,6B,7A,7B,8A,8B,9A,Un
GCA_023634185.1	Un
GCA_023634205.1	Un
GCA_023634275.1	Un
GCA_023634305.1	Un
GCA_023634405.1	Un
GCA_023637925.1	Un
GCA_023637945.1	Un
GCA_023718345.1	Un
GCA_023718385.1	1,10,11,12,13,14,15,16,17,18,19,2,20,21,22,23,24,3,4,5,6,7,8,9,Un
GCA_023724085.1	A1,A10,A11,A12,A13,A14,A15,A16,A17,A18,A19,A2,A20,A21,A22,A23,A24,A25,A3,A4,A5,A6,A7,A8,A9,B1,B10,B11,B12,B13,B14,B15,B16,B17,B18,B19,B2,B20,B21,B22,B23,B24,B25,B3,B4,B5,B6,B7,B8,B9
GCA_023851605.1	1,10,11,12,13,14,15,16,17,18,19,2,20,21,22,23,24,25,26,3,4,5,6,7,8,9,Un
GCA_023853755.1	Un
GCA_024166345.1	Un
GCA_024256435.1	1,10,11,12,13,14,15,16,17,18,19,2,20,21,22,23,24,25,26,27,28,3,4,5,6,7,8,9,Un
GCA_024256465.1	1,10,11,12,13,14,15,16,17,18,19,2,20,21,22,23,24,25,26,27,28,3,4,5,6,7,8,9,Un
GCA_024294585.1	1,10,11,12,13,14,15,16,17,2,3,4,5,6,7,8,9,Un
GCA_024294605.1	Un
GCA_024362935.1	Un
GCA_024363415.1	Un
GCA_024363435.2	Un
GCA_024363575.2	Un
GCA_024372515.1	Un
GCA_024509115.1	Un
GCA_024509165.1	Un
GCA_024610735.1	Un
GCA_024610745.1	Un
GCA_024679315.1	Un
GCA_024711525.1	Un
GCA_024711535.1	Un
GCA_025094165.1	Un
GCA_025201965.1	Un
GCA_026167925.1	Un
GCA_026167965.1	Un
GCA_026167975.1	Un
GCA_026167985.1	Un
GCA_026168045.1	Un
GCA_026170395.1	Un
GCA_026170555.1	Un
GCA_026170595.1	Un
GCA_026229955.1	Un
GCA_026230005.1	Un
GCA_026230025.1	Un
GCA_026230045.1	Un
GCA_026230055.1	Un
GCA_026419925.1	Un
GCA_026419985.1	1,10,11,12,13,14,15,16,17,18,19,2,20,3,4,5,6,7,8,9,Un
GCA_026437355.1	Un
GCA_026437365.1	Un
GCA_027244105.1	Un
GCA_027382365.2	Un
GCA_027382375.1	Un
GCA_027406535.1	Un
GCA_027406555.1	Un
GCA_027409165.1	Un
GCA_027409835.1	Un
GCA_027474245.1	1,10,11,12,13,14,15,16,17,18,19,2,20,21,22,23,24,25,26,27,28,29,3,30,31,32,33,34,35,4,5,6,7,8,9,Un
GCA_027474345.1	Un
GCA_027559525.1	Un
GCA_027559615.1	1,10,11,12,13,14,15,16,17,18,19,2,20,21,22,23,24,25,26,27,28,29,3,30,31,32,33,34,35,36,37,4,5,6,7,8,9,Un
GCA_027563665.1	1,10,11,12,13,14,15,16,17,18,19,2,20,21,22,23,3,4,5,6,7,8,9,Un
GCA_027579665.1	Un
GCA_027579805.1	Un
GCA_027595915.1	Un
GCA_027595995.1	Un
GCA_027789725.1	Un
GCA_027789765.1	1,10,11,12,13,14,15,2,3,4,5,6,7,8,9,Un
GCA_027887135.1	Un
GCA_027887205.1	1,10,11,12,13,14,15,16,17,18,19,2,20,21,22,23,24,25,3,4,5,6,7,8,9,Un
GCA_027917375.1	Un
GCA_027917415.1	1,10,11,2,3,4,5,6,7,8,9,Un
GCA_027917425.1	1,10,11,2,3,4,5,6,7,8,9,Un
GCA_027942865.1	1,10,11,12,13,14,15,16,17,18,19,2,20,21,22,23,24,3,4,5,6,7,8,9,Un
GCA_027942885.1	Un
GCA_028017155.1	Un
GCA_028017805.1	Un
GCA_028017845.1	Un
GCA_028018655.1	Un
GCA_028019105.1	Un
GCA_028020675.1	Un
GCA_028020825.1	1,10,11,12,13,14,15,16,17,18,19,2,20,21,22,23,24,25,26,27,28,29,3,30,31,32,33,34,35,36,37,38,39,4,40,41,42,43,5,6,7,8,9,Un
GCA_028021215.1	1,10,11,12,13,14,15,16,17,18,19,2,20,21,3,4,5,6,7,8,9,Un
GCA_028021475.1	Un
GCA_028021495.1	Un
GCA_028022725.1	1,10,11,12,13,14,15,16,17,18,19,2,20,21,22,23,24,3,4,5,6,7,8,9,Un
GCA_028022735.1	1,10,11,12,13,14,15,16,17,18,19,2,20,21,22,23,24,25,26,27,28,29,3,4,5,6,7,8,9,Un
GCA_028389885.1	Un
GCA_028390055.1	Un
GCA_028451465.1	1,10,11,12,13,14,15,16,17,18,19,2,20,3,4,5,6,7,8,9,Un
GCA_028500835.1	Un
GCA_028501385.1	1,10,11,12,13,14,15,16,17,18,19,2,20,21,22,23,24,25,26,27,28,29,3,4,5,6,7,8,9,Un
GCA_028536395.1	Un
GCA_028536645.1	Un
GCA_028536675.1	Un
GCA_028537755.1	Un
GCA_028537955.1	Un
GCA_028538775.1	Un
GCA_028554675.1	Un
GCA_028564725.2	A1,A2,A3,B1,B2,B3,B4,C1,C2,D1,D2,D3,D4,E1,E2,E3,F1,F2,Un
GCA_028571275.2	1,10,11,12,13,14,15,16,17,18,19,2,20,3,4,5,6,7,8,9,Un
GCA_028571665.1	Un
GCA_028571685.1	1,10,11,12,13,14,15,16,17,18,19,2,20,21,22,23,24,25,26,3,4,5,6,7,8,9,Un
GCA_028749965.3	A1,A2,A3,B1,B2,B3,B4,C1,C2,D1,D2,D3,D4,E1,E2,E3,F1,F2,Un
GCA_028749985.3	A1,A2,A3,B1,B2,B3,B4,C1,C2,D1,D2,D3,D4,E1,E2,E3,F1,F2,Un
GCA_028858555.1	1,10,11,12,13,14,15,16,17,18,19,2,20,21,22,23,24,25,26,27,28,29,3,32,4,5,6,7,8,9,Un
GCA_028858595.1	1,10,11,12,13,14,15,16,17,18,19,2,20,21,22,23,24,25,26,27,28,29,3,30,31,32,33,34,35,36,4,5,6,7,8,9,Un
GCA_028858625.2	1,10,11,12,13,14,15,16,17,18,19,2,20,21,22,23,24,25,26,27,28,29,3,4,5,6,7,8,9,Un
GCA_028858755.1	1,10,11,12,13,14,15,16,17,18,19,2,20,21,22,23,24,25,26,27,28,29,3,30,31,32,33,34,4,5,6,7,8,9,Un
GCA_028858805.2	1,10,11,12,13,14,15,16,17,18,19,2,20,21,22,23,3,4,5,6,7,8,9
GCA_028858825.2	1,10,11,12,13,14,15,16,17,18,19,2,20,21,22,23,3,4,5,6,7,8,9,Un
GCA_028858845.2	1,10,11,12,13,14,15,16,17,18,19,2,20,21,22,23,3,4,5,6,7,8,9
GCA_028878085.3	1,10,11,12,13,14,15,16,17,18,19,2,20,21,22,23,24,3,4,5,6,7,8,9
GCA_028885475.2	1,10,11,12,13,14,15,16,17,18,19,2,20,21,22,23,3,4,5,6,7,8,9
GCA_028885495.2	1,10,11,12,13,14,15,16,17,18,19,2,20,21,22,23,3,4,5,6,7,8,9
GCA_028885525.2	1,10,11,12,13,14,15,16,17,18,19,2,20,21,22,23,3,4,5,6,7,8,9,Un
GCA_028885685.2	1,10,11,12,13,14,15,16,17,18,19,2,20,21,22,23,3,4,5,6,7,8,9
GCA_029207655.1	Un
GCA_029207665.1	Un
GCA_029207785.1	Un
GCA_029215635.1	Un
GCA_029215655.1	Un
GCA_029215685.1	Un
GCA_029215705.1	Un
GCA_029215755.1	Un
GCA_029215775.1	Un
GCA_029215795.1	Un
GCA_029493135.1	Un
GCA_029633845.1	Un
GCA_029633875.1	1,10,11,12,13,14,15,16,17,18,19,2,3,4,5,6,7,8,9,Un
GCA_029931755.1	Un
GCA_029959095.1	Un
GCA_029959135.1	Un
GCA_030015355.1	Un
GCA_030020295.1	1,10,11,12,13,14,15,16,2,3,4,5,6,7,8,9,Un
GCA_030020305.1	Un
GCA_030020385.1	Un
GCA_030020945.1	Un
GCA_030020955.1	Un
GCA_030028035.1	Un
GCA_030028105.1	1,10,11,12,13,14,15,16,17,18,19,2,20,21,22,23,24,25,26,27,28,29,3,30,31,32,4,5,6,7,8,9,Un
GCA_030035585.1	1,10,11,12,13,14,15,16,17,18,19,2,20,21,22,23,3,4,5,6,7,8,9,Un
GCA_030035685.1	1,10,11,12,13,14,15,16,17,18,19,2,20,21,22,23,24,25,26,27,28,29,3,30,31,32,4,5,6,7,8,9,Un
GCA_030035715.1	Un
GCA_030144785.1	1,10,11,12,13,14,15,16,17,18,19,2,20,21,22,23,24,25,26,27,28,29,3,30,31,32,4,5,6,7,8,9,Un
GCA_030221915.1	Un
GCA_030222085.1	Un
GCA_030222095.1	Un
GCA_030222105.1	Un
GCA_030222175.1	Un
GCA_030270825.1	1,10,11,12,13,14,15,16,17,18,19,2,20,21,22,23,24,25,26,27,28,29,3,4,5,6,7,8,9,Un
GCA_030270865.1	1,10,11,12,13,14,15,16,17,18,19,2,20,21,22,23,24,25,26,27,28,29,3,4,5,6,7,8,9,Un
GCA_030412085.1	Un
GCA_030412105.1	1,10,11,12,13,14,15,16,17,2,3,4,5,6,7,8,9,Un
GCA_030435715.1	1,10,11,12,13,14,15,16,17,18,19,2,20,21,22,23,24,25,26,27,28,29,3,30,31,32,33,4,5,6,7,8,9,Un
GCA_030445035.2	1,10,11,12,13,14,15,16,17,18,19,2,20,21,22,23,24,25,26,27,28,29,3,30,31,4,5,6,7,8,9,Un
GCA_030445055.2	1,10,11,12,13,14,15,16,17,18,19,2,20,21,22,23,24,25,26,27,28,29,3,30,31,4,5,6,7,8,9,Un
GCA_030448965.1	Un
GCA_030449815.1	Un
GCA_030463535.1	1,10,11,12,13,14,15,16,17,18,19,2,20,21,22,23,24,25,3,4,5,6,7,8,9,Un
GCA_030463565.1	1,10,11,12,13,14,15,16,17,18,19,2,20,21,22,23,24,25,26,27,28,29,3,30,31,32,4,5,6,7,8,9,Un
GCA_030490855.1	1,10,11,12,13,14,15,16,17,18,19,2,20,21,22,23,24,25,26,27,28,29,3,30,31,32,33,34,35,36,37,38,39,4,5,6,7,8,9,Un
GCA_030522405.1	Un
GCA_030522415.1	1,10,11,12,13,14,15,16,17,18,19,2,20,21,22,23,24,25,26,27,28,3,4,5,6,7,8,9,Un
GCA_030684295.1	Un
GCA_030761175.1	Un
GCA_030761195.1	Un
GCA_030819815.1	Un
GCA_030819885.1	Un
GCA_030820595.1	Un
GCA_030820615.1	Un
GCA_030847615.1	Un
GCA_030847625.1	Un
GCA_030848815.1	Un
GCA_030848825.1	1,10,11,12,13,14,15,16,17,18,19,2,20,21,22,23,3,4,5,6,7,8,9,Un
GCA_030867065.1	Un
GCA_030867085.1	1,10,11,12,13,14,15,16,17,2,3,4,5,6,7,8,9,Un
GCA_030867105.1	1,10,11,12,13,14,15,16,17,2,3,4,5,6,7,8,9,Un
GCA_030867145.1	1,10,11,12,13,14,15,16,17,18,19,2,20,21,22,23,24,25,26,27,28,29,3,30,31,32,33,34,35,36,37,38,39,4,5,6,7,8,9,Un
GCA_030867165.1	1,10,11,12,13,14,15,16,17,18,19,2,20,21,22,23,24,25,26,27,28,29,3,30,31,32,33,34,35,36,37,38,39,4,5,6,7,8,9,Un
GCA_030936125.1	1,10,11,12,13,14,15,16,17,18,19,2,20,21,22,23,24,25,26,27,28,29,3,30,31,32,33,34,35,36,37,38,39,4,40,41,42,43,5,6,7,8,9,Un
GCA_031021085.1	Un
GCA_031021105.1	1,10,11,12,13,2,3,4,5,6,7,8,9,Un
GCA_031142525.1	10,1_1,11,1_2,12,2_1,2_2,3_1,3_2,4_1,4_2,5,6,7,8,9,Un
GCA_031143425.1	10,1_1,11,1_2,12,2_1,2_2,3_1,3_2,4_1,4_2,5,6,7,8,9,Un
GCA_031468805.1	1,10,11,12,13,14,15,16,17,18,19,2,20,21,22,23,24,25,26,27,28,29,3,30,31,32,33,4,5,6,7,8,9,Un
GCA_031468815.1	1,10,11,12,13,14,15,16,17,18,19,2,20,21,22,23,24,25,26,27,28,29,3,30,31,32,33,4,5,6,7,8,9,Un
GCA_031876245.1	Un
GCA_031876335.1	1,10,11,12,13,14,15,16,17,2,3,4,5,6,7,8,9,Un
GCA_031877785.1	1,10,11,12,13,14,15,16,17,18,19,2,20,21,22,23,24,25,26,27,28,29,3,30,31,32,33,34,35,36,37,38,39,4,5,6,7,8,9,Un
GCA_031877795.1	1,10,11,12,13,14,15,16,17,18,19,2,20,21,22,23,24,25,26,27,28,29,3,30,31,32,33,34,35,36,37,38,39,4,5,6,7,8,9,Un
GCA_031878655.1	1,10,11,12,13,14,15,16,17,18,19,2,20,21,22,23,24,25,3,4,5,6,7,8,9,Un
GCA_031878665.1	1,10,11,12,13,14,15,16,17,18,19,2,20,21,22,23,24,25,26,27,28,29,3,30,31,32,33,34,35,36,37,38,4,5,6,7,8,9,Un
GCA_031878675.1	1,10,11,12,13,14,15,16,17,18,19,2,20,21,22,23,24,25,26,27,28,29,3,30,31,32,33,34,35,36,37,38,4,5,6,7,8,9,Un
GCA_031878685.1	Un
GCA_031878705.1	1,10,11,12,13,14,15,16,17,18,19,2,20,21,22,23,24,25,3,4,5,6,7,8,9,Un
GCA_031885435.1	1,10,11,12,13,14,15,16,17,18,19,2,20,21,22,23,24,25,26,27,28,29,3,30,31,32,33,34,35,36,37,38,39,4,5,6,7,8,9,Un
GCA_031893025.1	1,10,11,2,3,4,5,6,7,8,9,Un
GCA_031893055.1	1,10,11,2,3,4,5,6,7,8,9,Un
GCA_032164185.1	Un
GCA_032164205.1	Un
GCA_032164215.1	Un
GCA_032164245.1	Un
GCA_032172125.1	Un
GCA_032172135.1	Un
GCA_032191415.1	Un
GCA_032191485.1	Un
GCA_033296515.1	1,10,11,12,13,14,15,16,17,18,19,2,20,21,22,23,24,25,26,3,4,5,6,7,8,9,Un
GCA_033349115.1	1,10,11,12,13,14,15,16,17,18,19,2,20,21,22,23,24,25,26,3,4,5,6,7,8,9,Un
GCA_034619455.1	1,10,11,12,13,14,15,16,17,18,19,2,20,21,22,23,24,25,26,27,28,3,4,5,6,7,8,9,Un
GCA_034619465.1	1,10,11,12,13,14,15,16,17,18,19,2,20,21,22,23,24,25,26,27,28,3,4,5,6,7,8,9,Un
GCA_035046495.1	1,10,11,12,13,14,15,16,2,3,4,5,6,7,8,9,Un
GCA_035084065.1	1,10,11,12,13,14,15,16,17,18,19,2,20,21,22,23,24,25,26,27,28,29,3,30,31,32,33,34,35,36,37,38,39,4,40,5,6,7,8,9,Un
GCA_035084135.2	1,10,11,12,13,14,15,16,17,18,19,2,20,21,22,23,24,25,26,27,28,29,3,30,31,32,33,34,35,36,37,38,39,4,40,41,42,43,44,45,5,6,7,8,9,Un
GCA_035084275.1	1,10,11,12,13,14,15,16,17,18,19,2,20,21,22,23,24,25,26,27,28,29,3,30,31,32,33,34,35,36,37,38,39,4,40,5,6,7,8,9,Un
GCA_035125265.1	Un
GCA_035609135.1	1,10,11,12,13,2,3,4,5,6,7,8,9,Un
GCA_035771015.1	Un
GCA_036010685.1	Un
GCA_036010745.1	1,10,11,12,13,14,15,16,17,18,19,2,20,21,22,23,24,25,26,27,28,29,3,30,31,32,33,34,35,36,37,38,39,4,5,6,7,8,9,Un
GCA_036010775.2	1,10,11,12,13,14,15,16,17,18,19,2,20,21,22,23,24,25,26,27,28,29,3,30,31,32,33,34,35,36,37,38,39,4,5,6,7,8,9,Un
GCA_036010785.1	1,10,11,12,13,14,15,16,17,18,19,2,20,21,22,23,24,25,26,27,28,29,3,30,31,32,33,34,35,36,37,38,4,5,6,7,8,9,Un
GCA_036169615.1	1,10,11,12,13,14,15,16,17,18,19,2,20,21,22,23,24,25,26,27,28,29,3,30,31,4,5,6,7,8,9,Un
GCA_036172335.1	1,10,11,12,13,14,15,16,17,18,19,2,20,21,22,23,24,25,26,27,29,3,30,31,4,5,6,7,8,9,Un
GCA_036172575.1	Un
GCA_036172585.1	Un
GCA_036172765.1	Un
GCA_036172775.1	Un
GCA_036250135.1	1,10,11,12,13,14,15,16,17,18,19,2,20,21,22,23,24,25,26,27,28,29,3,30,31,4,5,6,7,8,9,Un
GCA_036321565.1	1,10,11,12,13,14,15,16,17,18,19,2,20,21,22,23,24,25,26,27,28,29,3,30,31,32,33,34,35,36,4,5,6,7,8,9,Un
GCA_036365475.1	1,10,11,12,13,14,15,16,17,18,19,2,20,21,22,23,3,4,5,6,7,8,9,Un
GCA_036365495.1	1,10,11,12,13,14,15,16,17,18,19,2,20,21,22,23,24,25,26,27,28,29,3,30,31,32,33,34,35,36,37,38,39,4,40,41,42,43,44,45,46,47,48,49,5,50,6,7,8,9,Un
GCA_036417435.1	1,10,11,12,13,14,15,16,17,18,19,2,20,21,3,4,5,6,7,8,9,Un
GCA_036417475.1	1,10,11,12,13,14,15,16,17,18,19,2,20,21,3,4,5,6,7,8,9,Un
GCA_036417515.1	1,10,11,12,13,14,15,16,17,18,19,2,20,21,22,23,24,25,26,27,28,29,3,30,31,32,33,34,35,36,37,38,39,4,5,6,7,8,9,Un
GCA_036417535.1	1,10,11,12,13,14,15,16,17,18,19,2,20,21,22,23,24,25,26,27,28,29,3,30,31,32,33,34,35,36,4,5,6,7,8,9,Un
GCA_036417895.1	1,10,11,12,13,14,15,16,17,18,19,2,20,21,22,23,24,25,26,27,28,29,3,30,31,32,33,34,35,36,37,4,5,6,7,8,9,Un
GCA_036417975.1	1,10,11,12,13,14,15,16,17,18,19,2,20,21,22,23,24,25,26,27,28,29,3,30,31,32,33,34,35,36,37,38,39,4,40,41,42,5,6,7,8,9,Un
GCA_036418225.1	1,10,11,12,13,14,15,16,17,18,19,2,20,21,22,23,24,25,26,27,28,29,3,30,31,32,33,34,35,36,4,5,6,7,8,9,Un
GCA_036418255.1	1,10,11,12,13,14,15,16,17,18,19,2,20,21,22,23,24,25,26,27,28,29,3,30,31,4,5,6,7,8,9,Un
GCA_036426135.1	1,10,11,12,13,14,15,16,17,18,19,2,20,21,22,23,24,25,26,27,28,29,3,30,31,4,5,6,7,8,9,Un
GCA_036785025.1	Un
GCA_036785055.1	Un
GCA_036850655.1	1,10,11,12,13,14,15,16,17,18,19,2,20,21,22,23,24,25,26,27,28,29,3,30,31,32,33,34,4,5,6,7,8,9,Un
GCA_036850925.1	Un
GCA_036851165.1	Un
GCA_036873955.1	1,10,11,12,13,14,15,16,17,18,19,2,20,21,22,23,24,25,26,27,28,29,3,30,31,32,33,34,4,5,6,7,8,9,Un
GCA_036900835.1	Un
GCA_036900845.1	Un
GCA_036924035.1	Un
GCA_036924055.1	Un
GCA_036925125.1	Un
GCA_036925155.1	Un
GCA_036937175.1	Un
GCA_036937225.1	Un
GCA_036971175.1	1,10,11,12,13,14,2,3,4,5,6,7,8,9,Un
GCA_036971445.1	1,10,11,12,13,14,2,3,4,5,6,7,8,9,Un
GCA_037038515.1	1,10,11,12,13,14,15,16,17,18,19,2,20,21,22,3,4,5,6,7,8,9,Un
GCA_037038545.1	1,10,2,3,4,5,6,7,8,9,Un
GCA_037038555.1	1,10,2,3,4,5,6,7,8,9,Un
GCA_037038585.1	1,10,11,12,13,14,15,16,17,18,19,2,20,21,22,23,24,25,26,27,28,29,3,30,31,32,33,35,36,38,39,4,5,6,7,8,9,Un
GCA_037038625.1	1,10,11,12,13,14,15,16,17,18,19,2,20,21,22,23,24,3,4,5,6,7,8,9,Un
GCA_037039145.1	1,10,11,12,13,14,15,16,17,18,19,2,20,21,22,23,24,3,4,5,6,7,8,9,Un
GCA_037039175.1	1,10,11,12,13,14,15,16,17,18,19,2,20,21,22,3,4,5,6,7,8,9,Un
GCA_037043055.1	Un
GCA_037043125.1	Un
GCA_037043355.1	Un
GCA_037043375.1	Un
GCA_037127435.1	Un
GCA_037127445.1	Un
GCA_037157525.1	1,10,11,12,13,14,15,16,17,18,19,2,20,21,22,23,3,4,5,6,7,8,9,Un
GCA_037157625.1	1,10,11,12,13,14,15,16,17,18,19,2,20,21,22,23,24,3,4,5,6,7,8,9,Un
GCA_037176705.1	1,10,11,12,13,14,15,16,17,18,19,2,20,21,22,23,3,4,5,6,7,8,9,Un
GCA_037176775.1	1,10,11,12,13,2,3,4,5,6,7,8,9,Un
GCA_037215915.1	Un
GCA_037215945.1	Un
GCA_037216735.1	1,10,11,12,13,14,15,16,17,18,19,2,20,21,22,23,24,25,26,27,28,29,3,30,31,32,33,34,35,36,37,38,4,5,6,7,8,9,Un
GCA_037305975.1	1,10,11,12,13,14,15,16,17,18,19,2,20,21,22,23,24,25,26,27,28,29,3,30,31,32,33,34,35,36,37,38,4,5,6,7,8,9,Un
GCA_037306005.1	1,10,11,2,3,4,5,6,7,8,9,Un
GCA_037306015.1	1,10,11,2,3,4,5,6,7,8,9,Un
GCA_037349195.1	Un
GCA_037349215.1	Un
GCA_037349245.1	Un
GCA_037349265.1	Un
GCA_037349315.1	Un
GCA_037356295.1	Un
GCA_037356315.1	Un
GCA_037367395.1	Un
GCA_037418295.1	Un
GCA_037418315.1	Un
GCA_037504845.1	1,10,11,12,13,14,15,16,17,18,19,2,20,21,22,23,24,25,3,4,5,6,7,8,9,Un
GCA_037504875.1	1,10,11,12,13,14,15,16,17,18,19,2,20,21,22,23,24,25,3,4,5,6,7,8,9,Un
GCA_037575465.1	Un
GCA_037575665.1	Un
GCA_037783145.1	1,10,11,12,13,14,15,16,17,18,19,2,20,21,22,23,24,25,26,27,28,29,3,30,31,32,4,5,6,7,8,9,Un
GCA_037783155.1	1,10,11,12,13,14,15,16,17,18,19,2,20,21,22,23,24,25,26,27,28,29,3,30,31,32,4,5,6,7,8,9,Un
GCA_037950955.1	1,10,11,12,13,14,15,16,17,18,19,2,20,21,22,23,24,25,26,27,28,29,3,30,31,32,33,34,35,36,37,38,39,4,5,6,7,8,9,Un
GCA_037951015.1	Un
GCA_037951125.1	Un
GCA_037951165.1	Un
GCA_037952795.1	Un
GCA_037952835.1	Un
GCA_037952905.1	Un
GCA_037952925.1	Un
GCA_037952965.1	Un
GCA_037953035.1	Un
GCA_037954475.1	Un
GCA_037962945.1	1,10,11,12,13,14,15,16,17,18,19,2,20,21,22,23,24,25,26,27,28,29,3,30,31,32,33,34,35,36,37,38,39,4,5,6,7,8,9,Un
GCA_038021265.1	1,10,11,12,13,14,15,16,17,18,19,2,20,21,22,23,24,25,3,4,5,6,7,8,9,Un
GCA_038024135.1	1,10,11,12,13,14,15,16,17,18,19,2,20,21,22,23,24,25,3,4,5,6,7,8,9,Un
GCA_038048715.1	Un
GCA_038048745.1	1,10,11,12,13,14,15,16,17,18,19,2,3,4,5,6,7,8,9,Un
GCA_038048845.1	1,10,11,12,2,3,4,5,6,7,8,9,Un
GCA_038048865.1	1,10,11,12,2,3,4,5,6,7,8,9,Un
GCA_038087855.1	Un
GCA_038087875.1	1,10,11,12,13,14,15,16,17,18,19,2,20,21,22,23,24,25,26,3,4,5,6,7,8,9,Un
GCA_038355625.1	Un
GCA_038363095.2	1,10,11,12,13,14,2,3,4,5,6,7,8,9,Un
GCA_038363145.1	1,10,11,12,13,14,2,3,4,5,6,7,8,9,Un
GCA_038363175.2	1,10,11,12,13,14,2,3,4,5,6,7,8,9,Un
GCA_038363225.1	1,10,11,12,13,14,2,3,4,5,6,7,8,9,Un
GCA_038501915.1	1L,1S,2L,2S,3L,3S,4L,4S,5L,5S,6L,6S,7L,7S,8L,8S,9_10L,9_10S,Un
GCA_038501925.1	1L,1S,2L,2S,3L,3S,4L,4S,5L,5S,6L,6S,7L,7S,8L,8S,9_10L,9_10S,Un
GCA_039655065.1	1,10,11,12,13,14,15,2,3,4,5,6,7,8,9,Un
GCA_039656995.1	1,10,11,12,13,14,15,2,3,4,5,6,7,8,9,Un
GCA_039720425.1	1,10,11,12,13,14,15,16,17,18,19,2,20,21,22,23,24,25,26,27,29,3,30,32,4,5,6,7,8,9,Un
GCA_039720435.1	1,10,11,12,13,14,15,16,17,18,19,2,20,21,22,23,24,25,26,27,28,29,3,30,31,32,4,5,6,7,8,9,Un
GCA_039877575.1	1,10,11,12,13,14,15,16,17,18,19,2,20,21,22,23,24,3,4,5,6,7,8,9,Un
GCA_039877785.1	1,10,11,12,13,14,15,16,17,18,19,2,20,21,22,23,24,3,4,5,6,7,8,9,Un
GCA_039878515.1	1,10,11,12,13,14,15,16,17,18,19,2,20,21,22,23,24,25,26,27,28,29,3,30,31,32,4,5,6,7,8,9,Un
GCA_039878825.1	1,10,11,12,13,14,15,16,17,18,19,2,20,21,22,23,24,25,26,27,28,29,3,30,31,32,4,5,6,7,8,9,Un
GCA_039880715.1	Un
GCA_039880765.1	1,10,11,12,13,14,15,16,17,2,3,4,5,6,7,8,9,Un
GCA_039880925.1	1,10,11,12,13,14,15,16,17,18,19,2,20,21,22,23,3,4,5,6,7,8,9,Un
GCA_039880945.1	1,10,11,12,13,14,15,16,17,18,19,2,20,21,22,23,3,4,5,6,7,8,9,Un
GCA_039906465.1	1,10,11,12,13,14,15,16,17,18,19,2,20,21,22,23,24,25,26,27,28,29,3,30,31,32,33,34,35,36,37,4,5,6,7,8,9,Un
GCA_039906525.1	1,10,11,12,13,14,15,16,17,18,19,2,20,21,3,4,5,6,7,8,9,Un
GCA_039906565.1	1,10,11,12,13,14,15,16,17,18,19,2,20,21,22,23,24,25,26,27,28,29,3,30,31,32,33,34,35,36,37,4,5,6,7,8,9,Un
GCA_040206675.1	1,10,11,12,13,14,15,16,17,18,19,2,20,21,22,23,3,4,5,6,7,8,9,Un
GCA_040206685.1	1,10,11,12,13,14,15,16,17,18,19,2,20,21,22,23,3,4,5,6,7,8,9,Un
GCA_040207195.1	Un
GCA_040207245.1	Un
GCA_040207255.1	Un
GCA_040207285.1	Un
GCA_040207305.1	1,10,11,12,13,14,15,16,17,18,19,2,20,21,22,23,24,3,4,5,6,7,8,9,Un
GCA_040207315.1	1,10,11,12,13,14,15,16,17,18,19,2,20,21,22,23,24,3,4,5,6,7,8,9,Un
GCA_040208395.1	Un
GCA_040208425.1	Un
GCA_040436095.1	Un
GCA_040436115.1	Un
GCA_040807015.1	1,10,11,12,13,14,15,16,17,18,19,2,20,21,22,23,24,25,26,27,28,29,3,30,31,32,33,34,35,36,37,38,39,4,5,6,7,8,9,Un
GCA_040807025.1	1,10,11,12,13,14,15,16,17,18,19,2,20,21,22,23,24,25,26,27,28,29,3,30,31,32,33,34,35,36,37,38,39,4,5,6,7,8,9,Un
GCA_040869175.1	Un
GCA_040869195.1	Un
GCA_040893245.2	1,10,11,12,13,14,15,16,17,18,19,2,20,21,22,23,3,4,5,6,7,8,9,Un
GCA_040893755.1	1,10,11,12,13,14,15,16,17,18,19,2,20,21,22,23,3,4,5,6,7,8,9,Un
GCA_040894005.1	1,10,11,2,3,4,5,6,7,8,9,Un
GCA_040894015.1	1,10,11,2,3,4,5,6,7,8,9,Un
GCA_040939455.1	Un
GCA_040939475.1	Un
GCA_040954835.1	1,10,11,12,13,14,15,16,17,18,19,2,20,21,22,23,24,25,26,27,28,29,3,4,5,6,7,8,9,Un
GCA_040954845.1	1,10,11,12,13,14,15,16,17,18,19,2,20,21,22,23,24,25,26,27,28,29,3,4,5,6,7,8,9,Un
GCA_040954855.1	Un
GCA_040954885.1	Un
GCA_040955035.1	Un
GCA_040955065.1	Un
GCA_040955155.1	Un
GCA_040955175.1	Un
GCA_040955625.1	Un
GCA_040955645.1	1,10,11,12,13,14,15,16,17,18,19,2,20,21,22,23,24,25,26,27,28,29,3,30,31,32,33,34,35,36,37,38,4,5,6,7,8,9,Un
GCA_040955675.1	Un
GCA_040955705.1	1,10,11,12,13,14,15,16,17,18,19,2,20,21,22,23,24,25,26,27,28,29,3,30,31,32,33,34,35,36,37,38,4,5,6,7,8,9,Un
GCA_040955725.1	Un
GCA_040955785.1	Un
GCA_040970035.1	1,10,11,12,13,14,15,16,17,18,19,2,20,21,22,23,24,25,26,27,28,29,3,30,4,5,6,7,8,9
GCA_041053135.1	1,10,11,12,13,14,15,16,17,18,19,2,20,21,22,23,24,25,26,27,28,29,3,4,5,6,7,8,9
GCA_041228445.1	Un
GCA_041228455.1	Un
GCA_041430395.1	Un
GCA_041430415.1	Un
GCA_041430635.1	Un
GCA_041430695.1	Un
GCA_900324465.3	1,10,11,12,13,14,15,16,17,18,19,2,21,22,23,24,3,4,5,6,7,8,9,Un
GCA_900634435.1	Un
GCA_900634625.2	1,10,12,13,14,15,16,17,18,19,2,20,21,22,24,3,4,5,6,7,8,9,Un
GCA_900634775.2	1,10,11,12,13,14,15,16,17,18,19,2,20,21,22,24,3,4,5,6,7,8,9,Un
GCA_900650485.1	Un
GCA_900650505.1	Un
GCA_900651595.1	Un
GCA_900651605.2	Un
GCA_900700345.2	Un
GCA_900700375.2	1,10,11,12,13,14,15,16,17,18,19,2,20,3,4,5,6,7,8,9,Un
GCA_900700845.3	Un
GCA_900880675.2	1,10,11,12,13,14,15,16,17,18,19,2,20,21,22,23,24,3,4,5,6,7,8,9,Un
GCA_900880695.1	Un
GCA_900963305.2	1,10,11,12,13,14,15,16,17,18,19,2,20,21,22,23,24,3,4,5,6,7,8,9,Un
GCA_900963505.1	Un
GCA_900964985.2	Un
GCA_901000725.3	1,10,11,12,13,14,15,16,17,18,19,2,20,21,22,3,4,5,6,7,8,9,Un
GCA_901000745.3	Un
GCA_901001135.2	1,10,11,12,13,14,15,16,17,18,19,2,3,4,5,6,7,8,9,Un
GCA_901001175.1	Un
GCA_901699155.2	1,10,11,12,13,14,15,17,18,19,2,20,21,22,23,24,25,26,27,28,29,3,30,32,33,4,5,6,7,8,9,Un
GCA_901699165.2	Un
GCA_901765095.2	1,10,11,12,13,14,2,3,4,5,6,7,8,9,Un
GCA_901765105.1	Un
GCA_902148815.1	Un
GCA_902148825.1	Un
GCA_902148835.1	Un
GCA_902167395.1	Un
GCA_902362175.1	Un
GCA_902459495.1	Un
GCA_902459505.2	1,10,11,12,13,14,15,16,17,18,19,2,3,4,5,6,7,8,9,Un
GCA_902500245.1	Un
GCA_902685365.1	Un
GCA_902685375.1	1,10,11,12,13,14,15,16,17,18,19,2,20,21,22,23,24,3,4,5,6,7,8,9,Un
GCA_902685475.1	Un
GCA_902713435.2	1,10,11,12,13,14,15,16,17,18,19,2,20,21,22,23,24,25,26,27,28,29,3,30,31,32,33,34,35,36,37,38,39,4,40,41,42,43,44,45,46,47,48,49,5,50,51,52,53,54,55,56,57,58,59,6,60,7,8,9,Un
GCA_902713615.2	1,10,11,12,13,14,15,16,17,18,19,2,20,21,22,23,24,25,26,27,29,3,30,31,4,5,6,7,8,9,Un
GCA_902713625.2	Un
GCA_902827095.1	Un
GCA_902827105.1	Un
GCA_902827135.1	Un
GCA_902827185.1	Un
GCA_903797565.2	Un
GCA_903797595.2	1,10,11,12,13,14,15,16,17,18,19,2,20,21,22,23,24,25,26,27,28,29,3,31,33,34,4,5,6,8,9,Un
GCA_903798135.1	Un
GCA_903798155.1	Un
GCA_903798195.1	1,10,11,12,13,14,15,16,17,18,19,2,20,21,22,23,24,25,3,4,5,6,7,8,9,Un
GCA_903992515.1	Un
GCA_903992525.1	Un
GCA_903992545.1	1,10,11,12,13,14,15,16,17,18,19,2,20,21,3,4,5,6,7,8,9,Un
GCA_905171655.2	Un
GCA_905171665.2	1,10,11,12,13,14,15,16,17,18,19,2,20,21,22,23,24,3,4,5,6,7,8,9,Un
GCA_905171715.1	Un
GCA_905171725.1	Un
GCA_907165065.1	1,10,11,12,13,14,15,16,17,18,19,2,20,21,22,23,24,25,26,27,28,29,3,30,31,32,33,34,35,4,5,6,7,8,9,Un
GCA_907165095.1	Un
GCA_910589325.1	Un
GCA_910589615.1	1,10,11,12,13,14,15,16,17,18,19,2,20,21,3,4,5,6,7,8,9
GCA_910591455.2	1,10,11,12,13,14,15,16,17,18,19,2,20,21,22,23,24,3,4,5,6,7,8,9,Un
GCA_910591705.2	Un
GCA_910593805.1	Un
GCA_910596085.1	Un
GCA_914725855.2	1,10,11,12,13,14,15,16,17,18,19,2,20,21,22,23,24,3,4,5,6,7,8,9,Un
GCA_914744365.2	Un
GCA_922984935.2	1,10,11,12,13,14,15,16,17,18,19,2,20,21,3,4,5,6,7,8,9,Un
GCA_922990625.1	Un
GCA_929443795.2	1,10,11,12,13,14,15,16,17,18,19,2,20,21,22,23,24,25,26,27,28,29,3,30,31,32,33,34,35,36,37,38,4,5,6,7,8,9,Un
GCA_929447715.1	Un
GCA_933228915.1	1,10,11,12,13,14,15,16,17,18,19,2,20,21,22,23,24,3,4,5,6,7,8,9,Un
GCA_933228925.1	Un
GCA_936440315.1	1,10,11,12,13,14,15,16,17,18,19,2,20,21,22,23,24,25,26,27,28,29,3,30,31,32,33,34,35,36,37,38,39,4,40,41,42,43,44,45,46,47,48,49,5,50,6,7,8,9,Un
GCA_936446605.1	Un
GCA_937001455.1	Un
GCA_943294205.1	1,10,11,12,13,14,15,16,17,18,19,2,20,21,22,23,24,25,26,27,28,29,3,30,31,32,33,34,35,4,5,6,7,8,9,Un
GCA_943295565.1	1,10,11,12,13,14,15,16,17,18,19,2,20,21,22,23,24,25,26,27,28,29,3,30,31,32,33,34,35,4,5,6,7,8,9,Un
GCA_946807865.1	Un
GCA_946808225.1	1,10,11,12,13,14,15,16,17,18,19,2,20,21,22,23,24,25,26,27,28,29,3,4,5,6,7,8,9,Un
GCA_947034865.1	1,10,11,12,13,14,15,16,17,18,19,2,20,21,22,23,24,25,3,4,5,6,7,8,9,Un
GCA_947034905.1	Un
GCA_947179525.1	Un
GCA_947247025.1	Un
GCA_947247035.1	1,10,11,12,13,14,15,16,17,2,3,4,5,6,7,8,9,Un
GCA_947347695.1	Un
GCA_947650265.1	1,10,11,12,13,14,15,16,17,18,19,2,20,21,22,23,3,4,5,6,7,8,9,Un
GCA_947650305.1	Un
GCA_948146095.1	Un
GCA_948146105.1	1,10,11,12,13,14,15,16,17,19,2,20,21,22,23,24,3,4,5,6,8,9,Un
GCA_949316195.1	Un
GCA_949316245.1	Un
GCA_949357685.1	1,10,11,12,13,14,15,16,17,18,19,2,20,21,22,23,24,25,3,4,5,6,7,8,9,Un
GCA_949357705.1	Un
GCA_949357725.1	1,10,11,12,13,14,15,16,17,18,19,2,20,21,22,23,24,3,4,5,6,7,8,9,Un
GCA_949358355.1	Un
GCA_949606865.1	Un
GCA_949606895.1	1,10,11,12,2,3,4,5,6,7,8,9,Un
GCA_949628205.1	Un
GCA_949628215.1	1,10,11,12,13,14,15,16,17,18,19,2,20,21,22,23,24,25,26,27,28,29,3,30,31,32,33,34,4,5,6,7,8,9,Un
GCA_949748265.1	Un
GCA_949748355.1	1,10,11,12,13,14,15,16,17,18,19,2,20,21,22,23,24,3,4,5,6,7,8,9,Un
GCA_949752795.1	1,10,11,12,13,14,15,16,17,18,19,2,20,3,4,5,6,7,8,9,Un
GCA_949752845.1	Un
GCA_949774935.1	Un
GCA_949782905.1	1,10,11,12,13,14,15,16,17,18,19,2,20,21,22,23,24,25,26,27,28,29,3,30,31,32,33,34,4,5,6,7,8,9,Un
GCA_949820125.1	Un
GCA_949820135.1	1,10,11,12,13,14,15,16,17,18,19,2,20,21,22,23,24,3,4,5,6,7,8,9,Un
GCA_949987515.2	1,10,11,12,13,14,15,16,17,18,19,2,20,21,3,4,5,6,7,8,9,Un
GCA_949987525.2	Un
GCA_949987545.1	Un
GCA_949987555.1	1,10,11,12,13,14,15,16,17,18,19,2,20,21,22,23,24,25,26,27,28,29,3,30,31,32,33,34,35,36,37,4,5,6,7,8,9,Un
GCA_949987585.1	1,10,11,12,13,14,15,16,17,18,19,2,20,21,3,4,5,6,7,8,9,Un
GCA_949987605.1	Un
GCA_949987615.1	1,10,11,12,13,14,15,16,17,18,19,2,20,3,4,5,6,7,8,9,Un
GCA_949987685.1	1,10,11,12,13,14,15,16,17,18,19,2,20,21,22,23,24,25,3,4,5,6,7,8,9,Un
GCA_949987765.1	Un
GCA_950004245.1	Un
GCA_950005055.1	Un
GCA_950005115.1	Un
GCA_951214905.1	Un
GCA_951216825.1	1,10,11,12,13,14,15,16,17,18,19,2,20,21,22,23,24,3,4,5,6,7,8,9,Un
GCA_951394145.1	1,10,11,12,13,14,15,16,17,18,19,2,20,21,22,23,24,25,26,27,28,29,3,30,31,32,33,4,5,6,7,8,9,Un
GCA_951394355.1	Un
GCA_951394365.1	1,10,11,12,13,14,15,16,17,18,19,2,20,21,22,23,24,25,26,27,28,29,3,30,31,32,33,34,35,36,37,38,4,5,6,7,8,9,Un
GCA_951394435.1	1,10,11,12,13,14,15,16,17,18,19,2,20,21,3,4,5,6,7,8,9,Un
GCA_951394445.1	Un
GCA_951411735.1	1,10,11,12,13,14,15,16,17,18,19,2,20,21,22,23,24,25,26,27,28,29,3,30,31,32,4,5,6,7,8,9,Un
GCA_951416345.1	1,10,11,12,13,14,15,16,17,18,19,2,20,21,22,23,24,25,26,27,28,29,3,30,31,32,4,5,6,7,8,9,Un
GCA_951640355.1	1,10,11,12,13,14,15,16,17,18,19,2,20,21,22,23,24,3,4,5,6,7,8,9,Un
GCA_951640545.1	Un
GCA_951799395.1	1,10,11,12,13,14,15,16,17,18,19,2,20,21,22,3,4,5,6,7,8,9,Un
GCA_951799415.1	Un
GCA_951799965.1	Un
GCA_951799975.1	1,10,11,12,13,14,15,16,17,18,19,2,20,21,22,23,24,3,4,5,6,7,8,9,Un
GCA_951804945.1	1,10,11,12,13,14,15,16,17,18,2,3,4,5,6,7,8,9,Un
GCA_951804955.1	Un
GCA_958295035.1	Un
GCA_960530785.1	Un
GCA_960531495.1	1,10,11,12,13,14,15,16,17,18,19,2,20,21,22,3,4,5,6,7,8,9,Un
GCA_963082445.1	Un
GCA_963082525.1	1,10,11,12,13,14,15,16,17,18,19,2,20,21,22,23,24,25,26,27,28,29,3,30,31,32,33,34,35,36,37,38,4,5,6,7,8,9,Un
GCA_963242275.1	Un
GCA_963280865.1	1,10,11,12,13,14,15,16,17,18,19,2,20,21,22,23,24,3,4,5,6,7,8,9,Un
GCA_963281105.1	Un
GCA_963383615.1	1,10,11,12,13,14,15,16,17,18,19,2,20,21,22,23,3,4,5,6,7,8,9,Un
GCA_963383635.1	Un
GCA_963422475.1	Un
GCA_963422515.1	1,10,11,12,13,14,15,16,17,18,19,2,20,21,22,23,24,3,4,5,6,7,8,9,Un
GCA_963454915.1	1,10,11,12,13,14,15,16,17,18,19,2,20,21,22,23,24,3,4,5,6,7,8,9,Un
GCA_963454925.1	Un
GCA_963455305.1	1,10,11,12,13,14,15,2,3,4,5,6,7,8,9,Un
GCA_963455315.2	1,10,11,12,13,14,15,16,17,18,19,2,20,21,3,4,5,6,7,8,9,Un
GCA_963455325.1	Un
GCA_963455345.2	Un
GCA_963457635.1	1,10,11,12,13,14,15,16,17,18,19,2,20,21,22,23,3,4,5,6,7,8,9,Un
GCA_963457655.1	Un
GCA_963457685.1	Un
GCA_963457725.1	1,10,11,12,13,14,15,16,17,18,19,2,20,21,3,4,5,6,7,8,9,Un
GCA_963506595.1	Un
GCA_963513955.1	Un
GCA_963513975.1	1,10,11,12,13,14,15,16,17,18,19,2,20,21,22,23,24,25,26,27,28,29,3,30,31,32,33,34,35,36,37,38,39,4,5,6,7,8,9,Un
GCA_963513985.1	Un
GCA_963514005.1	1,10,11,12,13,14,15,16,17,18,19,2,20,21,22,23,24,25,26,27,28,29,3,30,31,32,33,34,35,36,37,38,39,4,40,41,42,43,44,45,46,47,48,5,6,7,8,9,Un
GCA_963514085.1	1,10,11,12,13,14,15,16,17,18,19,2,20,21,22,23,24,3,4,5,6,7,8,9,Un
GCA_963514095.1	1,10,11,12,13,14,15,16,17,18,19,2,20,21,22,23,24,3,4,5,6,7,8,9,Un
GCA_963514105.1	Un
GCA_963514115.1	Un
GCA_963514125.1	Un
GCA_963576525.1	Un
GCA_963583885.1	Un
GCA_963662415.1	Un
GCA_963691805.1	Un
GCA_963691815.1	1,10,11,12,13,14,15,16,17,18,19,2,20,21,22,23,3,4,5,6,7,8,9,Un
GCA_963691945.1	Un
GCA_963692645.1	Un
GCA_963693515.1	1,10,11,12,13,14,15,16,17,18,19,2,20,21,3,4,5,6,7,8,9,Un
GCA_963693525.1	1,10,11,12,13,14,15,16,17,18,19,2,20,21,3,4,5,6,7,8,9,Un
GCA_963854175.1	Un
GCA_963854745.1	1,10,11,12,13,14,15,16,17,18,19,2,20,21,22,3,4,5,6,7,8,9,Un
GCA_963854755.1	Un
GCA_963921795.1	1,10,11,12,13,14,15,16,17,18,19,2,20,21,22,23,24,3,4,5,6,7,8,9,Un
GCA_963921815.1	Un
GCA_963921835.1	Un
GCA_963923985.1	Un
GCA_963924005.1	1,10,11,12,13,14,15,16,17,18,19,2,20,21,22,23,24,3,4,5,6,7,8,9,Un
GCA_963924255.1	Un
GCA_963924515.1	1,10,11,12,13,14,15,16,17,18,2,3,4,5,6,7,8,9,Un
GCA_963924655.1	Un
GCA_963924695.1	Un
GCA_963924725.1	Un
GCA_963930665.1	Un
GCA_963930765.1	Un
GCA_963932015.1	1,10,11,12,13,14,15,16,17,18,19,2,20,21,22,23,24,25,26,27,28,29,3,30,31,32,33,34,35,36,37,4,5,6,7,8,9,Un
GCA_963932075.1	Un
GCA_963932225.1	1,10,11,12,13,14,15,16,17,18,19,2,20,21,22,23,24,25,26,27,28,29,3,30,31,4,5,6,7,8,9,Un
GCA_963932325.1	Un
GCA_963969265.1	1,10,11,12,13,14,15,16,17,18,19,2,20,21,22,3,4,5,6,7,8,9,Un
GCA_963969275.1	Un
GCA_963971485.1	Un
GCA_963971535.1	1,10,11,12,13,14,15,16,17,18,19,2,20,3,4,5,6,7,8,9,Un
GCA_963989245.1	1,10,11,12,13,14,15,16,17,18,19,2,20,3,4,5,6,7,8,9,Un
GCA_963989255.1	Un
GCA_963989315.1	Un
GCA_963989345.1	1,10,11,12,13,14,15,16,17,18,19,2,20,21,22,23,24,25,26,27,28,29,3,30,31,32,33,34,35,36,37,38,39,4,40,5,6,7,8,9,Un
GCA_963993115.1	1,10,11,12,13,14,15,16,17,18,19,2,20,21,22,23,24,25,3,4,5,6,7,8,9,Un
GCA_963993125.1	Un
GCA_964034845.1	Un
GCA_964034855.1	1,10,11,12,13,14,15,16,17,18,19,2,20,21,22,23,24,25,26,27,28,29,3,30,31,32,33,34,35,36,37,38,39,4,5,6,7,8,9,Un
GCA_964035535.1	Un
GCA_964035555.1	1,10,11,12,13,14,15,16,17,18,19,2,20,21,22,23,24,25,26,27,28,29,3,30,31,32,33,34,35,36,37,38,39,4,40,5,6,7,8,9,Un
GCA_964059295.1	Un
GCA_964059345.1	Un
GCA_964059595.1	1,10,11,12,13,14,15,16,17,18,19,2,20,21,22,23,24,25,26,27,28,29,3,30,31,32,33,34,35,36,37,38,39,4,5,6,7,8,9,Un
GCA_964059605.1	Un
GCA_964094495.2	1,10,11,12,13,14,15,16,17,18,19,2,20,21,3,4,5,6,7,8,9,Un
GCA_964106205.1	1,10,11,12,13,14,2,3,4,5,6,7,8,9,Un
GCA_964106545.1	1,10,11,12,13,14,2,3,4,5,6,7,8,9,Un
GCA_964106635.2	1,10,11,12,13,14,15,16,17,18,2,3,4,5,6,7,8,9,Un
GCA_964106645.2	1,10,11,12,13,14,15,16,17,18,2,3,4,5,6,7,8,9,Un
GCA_964106785.1	1,10,11,12,13,14,15,16,17,18,2,3,4,5,6,7,8,9,Un
GCA_964106825.2	1,10,11,12,13,14,15,16,2,3,4,5,6,7,8,9,Un
GCA_964106855.1	1,10,11,12,13,14,15,16,17,18,19,2,20,21,22,23,24,25,26,27,28,29,3,30,31,32,33,34,35,36,37,38,39,4,5,6,7,8,9,Un
GCA_964106895.1	1,10,11,12,13,14,15,16,17,18,19,2,20,21,22,23,24,25,26,27,28,29,3,30,31,32,33,34,35,36,37,38,39,4,5,6,7,8,9,Un
GCA_964106915.1	1,10,11,12,13,14,15,16,17,18,19,2,3,4,5,6,7,8,9,Un
GCA_964106925.2	1,10,11,12,13,14,15,16,2,3,4,5,6,7,8,9,Un
GCA_964145185.1	Un
GCA_964146895.1	1,10,11,12,13,14,15,16,17,18,19,2,20,21,22,3,4,5,6,7,8,9,Un
GCA_964148845.1	1,10,11,12,13,14,15,16,17,18,19,2,20,3,4,5,6,7,8,9,Un
GCA_964165515.1	1,10,11,12,13,14,15,16,17,18,19,2,20,3,4,5,6,7,8,9,Un
GCA_964187695.1	1,10,11,12,13,14,15,16,17,18,19,2,20,21,22,23,24,25,3,4,5,6,7,8,9,Un
GCA_964187705.1	1,10,11,12,13,14,15,16,17,18,19,2,20,21,22,23,24,25,3,4,5,6,7,8,9,Un
GCA_964187825.1	Un
GCA_964187855.1	1,10,11,12,13,14,2,3,4,5,6,7,8,9,Un
GCA_964188175.1	1,10,11,12,13,14,15,16,17,18,2,3,4,5,6,7,8,9,Un
GCA_964188305.1	1,10,11,12,13,14,15,16,17,18,2,3,4,5,6,7,8,9,Un
GCA_964188315.1	1,10,11,12,13,14,15,16,17,18,2,3,4,5,6,7,8,9,Un
GCA_964188325.1	1,10,11,12,13,14,15,16,17,18,2,3,4,5,6,7,8,9,Un
GCA_964188335.1	Un
GCA_964188345.1	1,10,11,12,13,14,15,16,17,18,19,2,20,21,22,23,24,25,26,27,28,29,3,30,31,32,33,34,35,36,37,38,39,4,5,6,7,8,9,Un
GCA_964188355.1	1,10,11,12,13,14,15,16,17,18,19,2,20,21,22,23,24,25,26,27,28,29,3,30,31,32,33,4,5,6,7,8,9,Un
GCA_964188365.1	Un
GCA_964188375.1	Un
GCA_964188395.1	Un
GCA_964188405.1	1,10,11,12,13,14,15,16,17,18,19,2,20,21,22,23,3,4,5,6,7,8,9
GCA_964188415.1	1,10,11,12,13,14,15,16,17,18,19,2,20,21,22,23,3,4,5,6,7,8,9
GCA_964188515.1	1,10,11,12,13,14,15,16,17,18,19,2,20,21,22,23,24,25,3,4,5,6,7,8,9,Un
GCA_964188525.1	1,10,11,12,13,14,15,16,17,18,19,2,20,21,22,23,24,25,3,4,5,6,7,8,9,Un
GCA_964194095.1	Un
GCA_964194105.1	1,10,11,12,13,14,15,16,17,18,19,2,3,4,5,6,7,8,9,Un
GCA_964194135.1	1,10,11,12,13,14,15,16,2,3,4,5,6,7,8,9,Un
GCA_964194155.1	1,10,11,12,13,14,15,16,17,18,19,2,20,21,22,23,24,25,26,27,28,29,3,30,31,32,33,34,35,36,37,38,4,5,6,7,8,9,Un
GCA_964194165.1	Un
GCA_964194185.1	1,10,11,12,13,14,15,16,17,18,19,2,20,21,22,23,24,25,26,27,28,3,4,5,6,7,8,9,Un
GCA_964194205.1	Un
GCA_964194215.1	Un
GCA_964194405.1	Un
GCA_964194415.1	1,10,11,12,13,14,15,16,17,2,3,4,5,6,7,8,9,Un
GCA_964195595.2	1,10,11,12,13,14,15,16,17,18,19,2,20,21,22,23,24,25,26,27,28,29,3,30,31,32,33,34,35,36,37,38,39,4,5,6,7,8,9,Un
GCA_964195625.1	1,10,11,12,13,14,15,16,17,18,19,2,20,21,3,4,5,6,7,8,9,Un
GCA_964196065.2	1,10,11,12,13,14,15,16,17,18,19,2,20,21,22,23,24,25,26,27,28,29,3,30,31,32,33,34,35,36,37,38,39,4,5,6,7,8,9,Un
GCA_964197995.1	1,10,11,12,13,14,15,16,17,18,19,2,20,21,22,23,24,25,3,4,5,6,7,8,9,Un
GCA_964198005.1	Un
GCA_964198585.1	Un
GCA_964198595.1	1,10,11,12,13,14,15,16,17,18,19,2,20,21,22,23,24,25,26,27,28,29,3,30,31,32,33,34,35,36,37,38,39,4,40,41,42,43,44,45,46,47,48,49,5,50,51,52,53,54,55,56,57,58,59,6,60,61,62,63,64,65,66,67,68,69,7,70,71,72,73,74,75,76,77,78,79,8,80,81,82,9,Un
GCA_964199725.1	Un
GCA_964199755.1	1,10,11,12,13,14,15,16,17,18,19,2,20,21,22,23,24,25,26,27,28,29,3,30,31,32,33,4,5,6,7,8,9,Un
GCA_964205295.1	1,10,11,12,2,3,4,5,6,7,8,9,Un
GCA_964205305.1	1,10,11,12,2,3,4,5,6,7,8,9,Un
GCA_964211785.1	1,10,11,12,13,14,15,16,17,18,19,2,20,21,22,23,24,25,26,27,28,29,3,30,31,32,33,34,35,36,37,38,39,4,5,6,7,8,9,Un
GCA_964211795.1	Un
GCA_964211825.1	1,10,11,12,13,14,15,16,17,18,19,2,20,21,22,23,24,25,26,27,28,29,3,30,31,32,33,34,35,36,37,38,39,4,5,6,7,8,9,Un
GCA_964211835.1	1,10,11,12,13,14,15,16,17,18,19,2,20,21,22,23,24,25,26,27,28,29,3,30,31,32,33,34,35,36,37,38,39,4,5,6,7,8,9,Un
GCA_964212025.1	Un
GCA_964212035.1	1,10,11,12,13,14,15,16,17,18,19,2,20,21,3,4,5,6,7,8,9,Un
GCA_964213995.1	1,10,11,12,13,14,15,16,17,18,19,2,20,21,22,23,24,25,26,27,28,29,3,30,31,32,33,4,5,6,7,8,9,Un
GCA_964214025.1	Un
GCA_964234715.1	1,10,11,12,13,14,15,16,17,18,2,3,4,5,6,7,8,9,Un
GCA_964234825.1	1,10,11,12,13,14,15,16,17,18,2,3,4,5,6,7,8,9,Un
GCA_964237395.1	Un
GCA_964237585.1	1,10,11,12,13,14,15,16,17,18,19,2,20,21,22,23,24,25,26,27,28,29,3,30,31,32,33,34,35,36,37,4,5,6,7,8,9,Un
GCA_964251985.1	Un
GCA_964252035.1	1,10,11,12,13,14,15,16,17,18,2,3,4,5,6,7,8,9,Un
GCF_003957555.1	1,10,11,12,13,14,15,17,18,19,2,20,21,22,23,24,25,26,27,28,3,33,4,4A,4B,5,5A,6,7,8,9,Un
GCF_003957565.2	1,10,11,12,13,14,15,16,17,18,19,1A,2,20,21,22,23,24,25,26,27,28,29,3,30,31,32,33,34,35,36,37,4,4A,5,6,7,8,9,Un
GCF_004115215.2	1,10,11,12,13,14,15,16,17,18,19,2,20,21,3,4,5,6,7,8,9,Un
GCF_004115265.2	10,11,12,13,14,15,16,17,18,19,2,20,21,22,23,24,25,26,27,28,3,4,5,6,7,8,9,Un
GCF_004126475.2	1,10,11,12,13,14,15,2,3,4,5,6,7,8,9,Un
GCF_007364275.1	1,10,11,12,13,14,15,16,17,18,19,2,20,21,22,23,24,3,4,5,6,7,8,9,Un
GCF_007399415.2	1,10,11,12,13,14,15,16,17,18,19,2,20,21,22,23,24,3,4,5,6,7,8,9,Un
GCF_009650955.1	1,10,11,12,13,14,15,16,17,18,19,2,20,21,22,23,24,25,26,27,28,29,3,30,31,32,33,34,4,5,6,7,8,9,Un
GCF_009762305.2	1,10,11,12,13,14,15,16,17,2,3,4,5,6,7,8,9,Un
GCF_009762535.1	1,10,11,12,13,14,15,16,17,18,19,2,20,21,22,23,24,3,4,5,6,7,8,9,Un
GCF_009764475.1	1,10,11,12,13,14,15,16,17,18,19,2,20,21,22,23,24,25,26,27,28,29,3,30,31,32,33,34,35,37,38,39,4,40,41,42,43,44,45,46,5,6,7,8,9,Un
GCF_009769535.1	1,10,11,12,13,14,15,16,17,2,3,4,5,6,7,8,9,Un
GCF_009769545.1	1,10,11,12,13,14,15,16,17,18,19,2,20,21,22,23,24,25,3,4,5,6,7,8,9,Un
GCF_009769625.2	1,10,11,12,13,14,15,16,17,18,19,2,20,21,22,23,24,25,26,27,28,29,3,30,31,32,33,34,4,5,6,7,8,9,Un
GCF_009819535.1	1,10,11,12,13,14,15,16,17,18,2,3,4,5,6,7,8,9,Un
GCF_009819655.1	1,10,11,12,13,14,15,16,17,18,19,2,20,21,22,23,24,25,26,27,28,29,3,30,31,32,33,4,5,6,7,8,9,Un
GCF_009819705.1	1,10,11,12,13,14,15,16,17,18,19,2,20,21,22,23,24,3,4,5,6,7,8,9,Un
GCF_009819795.1	1,10,11,12,13,14,15,16,17,18,19,2,20,21,22,23,24,25,26,27,28,29,3,30,31,32,33,34,4,5,6,7,8,9,Un
GCF_009819885.2	1,10,11,12,13,14,15,16,17,18,2,20,21,22,23,24,25,26,27,28,29,3,30,31,32,33,34,35,36,37,38,39,4,40,5,6,7,8,9,Un
GCF_009829125.3	1,10,11,12,13,14,15,16,17,18,19,2,20,21,22,23,24,3,4,5,6,7,8,9,Un
GCF_009829145.1	1,10,11,12,13,14,15,16,17,18,19,2,20,21,22,23,24,25,26,27,28,29,3,30,31,32,33,4,5,6,7,8,9,Un
GCF_009873245.2	1,10,11,12,13,14,15,16,17,18,19,2,20,21,3,4,5,6,7,8,9,Un
GCF_010993605.1	1,10,11,12,13,14,15,16,17,18,19,2,20,21,22,23,24,25,26,27,28,29,3,30,31,32,33,34,35,36,37,38,39,4,40,41,42,43,44,45,46,47,48,49,5,50,51,52,53,54,55,56,57,58,59,6,60,61,62,63,64,65,66,67,68,69,7,70,71,72,73,74,75,76,77,78,79,8,80,81,82,83,84,85,9,Un
GCF_011100635.1	1,2,3,4,5,6,7,8,9,Un
GCF_013347855.1	1,10,11,12,13,14,15,16,17,18,19,2,3,4,5,6,7,8,9,Un
GCF_013358815.1	1,10,11,12,13,14,15,16,17,18,19,2,20,21,22,23,24,25,26,3,4,5,6,7,8,9,Un
GCF_013368585.1	1,10,11,12,13,14,15,16,17,18,19,2,20,21,22,23,24,25,3,4,5,6,7,8,9,Un
GCF_014839835.1	1,10,11,12,13,14,15,16,17,18,19,2,20,21,22,23,24,25,26,27,28,29,3,30,31,32,33,34,35,36,37,38,39,4,40,41,42,43,44,5,6,7,8,9,Un
GCF_015220235.1	1,10,11,12,13,14,15,16,17,18,19,2,20,21,22,23,24,25,26,27,3,4,5,6,7,8,9,Un
GCF_015220745.1	1,10,11,12,13,14,15,16,17,18,19,2,20,21,22,23,24,3,4,5,6,7,8,9,Un
GCF_015220805.1	1,10,11,12,13,14,15,16,17,18,19,2,20,21,22,23,24,25,26,27,28,29,3,30,31,32,33,34,35,36,37,38,39,4,40,41,42,43,44,5,6,7,8,9,Un
GCF_015227805.2	1,10,11,12,13,14,15,16,17,18,19,2,20,21,22,23,24,25,26,27,28,29,3,30,31,32,33,34,35,36,37,38,39,4,5,6,7,8,9,Un
GCF_015237465.2	1,10,11,12,13,14,15,16,17,18,19,2,20,21,22,23,24,25,26,27,28,3,4,5,6,7,8,9,Un
GCF_015832195.1	1,10,11,12,13,14,15,17,18,19,1A,2,20,21,22,23,24,25,26,27,28,29,3,4,4A,5,6,7,8,9,Un
GCF_015852505.1	1,10,11,12,13,14,15,16,17,18,19,2,20,21,22,23,24,25,26,27,3,4,5,6,7,8,9,Un
GCF_016699485.2	1,10,11,12,13,14,15,16,17,18,19,2,20,21,22,23,24,25,26,27,28,29,3,30,31,32,33,34,35,36,37,38,39,4,5,6,7,8,9,Un
GCF_016700215.2	1,10,11,12,13,14,15,16,17,18,19,2,20,21,22,23,24,25,26,27,28,29,3,30,31,32,33,34,35,36,37,38,39,4,5,6,7,8,9,Un
GCF_017639655.2	1,10,11,12,13,14,15,16,17,18,19,2,20,21,22,23,24,25,3,4,5,6,7,8,9,Un
GCF_017639745.1	1,10,11,12,13,14,15,16,17,18,19,2,20,21,22,23,24,3,4,5,6,7,8,9,Un
GCF_017976325.1	1,10,11,12,13,14,15,16,17,18,19,2,20,21,22,23,24,3,4,5,6,7,8,9,Un
GCF_017976375.1	1,10,11,12,13,14,15,16,17,18,19,2,20,21,22,23,24,25,26,27,28,29,3,30,31,32,33,34,35,36,37,38,39,4,5,6,7,8,9,Un
GCF_017976425.1	1,10,11,12,13,14,15,16,17,18,19,2,20,21,22,23,24,3,4,5,6,7,8,9,Un
GCF_018492685.1	1,10,11,12,13,14,15,16,17,18,19,2,20,21,22,23,24,3,4,5,6,7,8,9,Un
GCF_019393635.1	1,2,3,4,5,6,Un
GCF_019923925.1	1,10,11,12,13,14,15,16,17,18,19,2,20,21,22,23,24,3,4,5,6,7,8,9,Un
GCF_019923935.1	1,10,11,12,13,14,15,16,17,18,19,2,20,21,22,23,24,3,4,5,6,7,8,9
GCF_020382885.2	1,10,11,12,13,14,15,16,17,18,19,2,20,21,22,23,24,3,4,5,6,7,8,9,Un
GCF_020740605.2	1,10,11,12,13,14,15,16,17,18,19,2,20,21,22,23,24,25,26,27,3,4,5,6,7,8,9,Un
GCF_020740685.1	1,10,11,12,13,14,15,16,17,18,19,2,20,21,22,23,3,4,5,6,7,8,9,Un
GCF_020740795.1	1,10,11,12,13,14,15,16,17,18,19,2,20,21,22,23,24,25,26,27,28,29,3,4,5,6,7,8,9,Un
GCF_020745735.1	1,10,11,12,13,14,15,16,17,18,19,2,20,21,22,23,24,25,26,27,28,29,3,30,31,32,33,34,35,36,37,38,39,4,40,41,42,43,44,45,46,47,48,49,5,50,51,52,6,7,8,9,Un
GCF_020826845.1	1,10,11,12,13,14,15,16,17,18,19,2,20,21,22,23,24,25,26,27,28,29,3,30,31,32,33,34,35,36,37,38,39,4,40,41,5,6,7,8,9,Un
GCF_022079265.1	Un
GCF_023053635.1	1,10,11,12,13,14,15,16,17,18,19,2,20,21,22,23,3,4,5,6,7,8,9,Un
GCF_023343835.1	1,10,11,12,13,14,15,16,17,18,19,2,20,21,22,23,24,25,26,27,28,29,3,30,31,32,33,34,35,36,37,38,4,5,6,7,8,9,Un
GCF_023634085.1	1,10,11,12,13,14,15,16,17,18,19,2,20,21,22,3,4,5,6,7,8,9,Un
GCF_023634155.1	1,10,11,12,13,14,15,16,17,18,19,2,20,21,3,4,5,6,7,8,9,Un
GCF_023638135.1	1,10,11,12,13,14,15,16,17,18,19,2,20,21,22,3,4,5,6,7,8,9,Un
GCF_023724105.1	A1,A10,A11,A12,A13,A14,A15,A16,A17,A18,A19,A2,A20,A21,A22,A23,A24,A25,A3,A4,A5,A6,A7,A8,A9,B1,B10,B11,B12,B13,B14,B15,B16,B17,B18,B19,B2,B20,B21,B22,B23,B24,B25,B3,B4,B5,B6,B7,B8,B9
GCF_024166365.1	1,10,11,12,13,14,15,16,17,18,19,2,20,21,22,23,24,25,26,27,3,4,5,6,7,8,9,Un
GCF_024362965.1	Un
GCF_024679245.1	1,10,11,12,13,14,15,16,17,18,19,2,20,21,22,23,24,25,3,4,5,6,7,8,9,Un
GCF_025201925.1	1,10,11,12,13,14,15,16,17,18,19,2,20,21,22,23,24,25,3,4,5,6,7,8,9,Un
GCF_025265405.1	1,10,11,12,13,14,15,16,17,18,19,2,20,3,4,5,6,7,8,9,Un
GCF_026170545.1	Un
GCF_026419915.1	1,10,11,12,13,14,15,16,17,18,19,2,20,21,22,23,24,25,26,27,28,3,4,5,6,7,8,9,Un
GCF_026419965.1	1,10,11,12,13,14,15,16,17,18,19,2,20,3,4,5,6,7,8,9,Un
GCF_027244095.1	1,10,11,12,13,14,15,16,17,2,3,4,5,6,7,8,9,Un
GCF_027358585.1	1,10,11,12,13,14,15,16,17,18,19,2,20,21,22,23,24,25,26,27,28,29,3,30,4,5,6,7,8,9,Un
GCF_027358695.1	1,10,11,12,13,2,3,4,5,6,7,8,9,Un
GCF_027406575.1	1,10,11,12,13,14,15,16,17,18,19,2,20,21,22,23,24,3,4,5,6,7,8,9,Un
GCF_027409185.1	1,10,11,12,13,14,15,16,17,18,2,3,4,5,6,7,8,9,Un
GCF_027409825.1	1,10,11,12,13,14,15,16,17,18,19,2,20,21,22,23,24,3,4,5,6,7,8,9,Un
GCF_027477595.1	1,10,11,12,13,14,15,16,17,18,19,2,20,21,22,23,24,25,26,27,28,29,3,30,31,32,33,34,35,36,37,38,39,4,5,6,7,8,9,Un
GCF_027579445.1	1,10,11,12,13,14,15,16,17,18,19,2,20,21,22,23,24,25,26,27,28,29,3,30,31,32,33,34,35,4,5,6,7,8,9,Un
GCF_027579695.1	1,10,11,12,13,14,15,16,17,18,19,2,20,21,22,23,24,25,26,27,28,3,4,5,6,7,8,9,Un
GCF_027595985.1	1,10,11,2,3,4,5,6,7,8,9,Un
GCF_027887145.1	1,10,11,12,13,14,15,16,17,18,19,2,20,21,22,23,24,25,26,27,28,29,3,30,31,32,33,34,35,36,37,38,39,4,5,6,7,8,9,Un
GCF_027887155.1	1,10,11,12,13,14,15,16,17,18,19,2,20,21,22,23,24,25,3,4,5,6,7,8,9,Un
GCF_027887165.1	1,2,3,4,5,6,7,8
GCF_028017835.1	1,10,11,12,13,14,15,16,17,18,19,2,20,21,22,23,24,25,3,4,5,6,7,8,9,Un
GCF_028018385.1	1,10,11,12,13,14,15,16,17,18,2,3,4,5,6,7,8,9,Un
GCF_028018845.1	1,10,11,12,13,14,15,16,17,18,19,2,20,21,22,23,24,25,26,27,28,29,3,30,31,32,33,34,4,5,6,7,8,9,Un
GCF_028023285.1	1,10,11,12,13,14,15,16,17,18,19,2,20,21,3,4,5,6,7,8,9,Un
GCF_028389875.1	1,10,11,12,13,14,15,16,17,18,19,2,20,21,22,23,24,25,26,27,28,29,3,30,31,32,33,34,35,36,37,38,39,4,5,6,7,8,9,Un
GCF_028390025.1	1,10,11,12,2,3,4,5,6,7,8,9,Un
GCF_028500815.1	1,10,11,12,13,14,15,16,17,18,19,2,20,21,22,23,24,25,26,27,28,29,3,30,4,5,6,7,8,9,Un
GCF_028564815.1	1,10,11,12,13,14,15,16,17,18,19,2,20,3,4,5,6,7,8,9,Un
GCF_028858705.1	1,10,11,12,13,14,15,16,17,18,19,2,20,21,22,23,24,25,26,27,28,29,3,30,31,32,33,34,35,36,37,38,39,4,5,6,7,8,9,Un
GCF_028858725.1	1,10,11,12,13,14,15,16,17,18,19,2,20,21,22,23,24,25,26,27,28,29,3,30,4,5,6,7,8,9,Un
GCF_028858775.2	1,10,11,12,13,14,15,16,17,18,19,2,20,21,22,23,3,4,5,6,7,8,9
GCF_028878055.3	1,10,11,12,13,14,15,16,17,18,19,2,20,21,22,23,24,3,4,5,6,7,8,9
GCF_028885625.2	1,10,11,12,13,14,15,16,17,18,19,2,20,21,22,23,3,4,5,6,7,8,9
GCF_028885655.2	1,10,11,12,13,14,15,16,17,18,19,2,20,21,22,23,3,4,5,6,7,8,9
GCF_029207755.1	Un
GCF_029215605.1	Un
GCF_029499605.1	1,10,11,12,13,2,3,4,5,6,7,8,9,Un
GCF_029633855.1	1,10,11,12,13,14,15,16,17,18,2,3,4,5,6,7,8,9,Un
GCF_029633865.1	1,10,11,12,13,14,15,16,17,18,19,2,20,21,3,4,5,6,7,8,9,Un
GCF_029931775.1	1,10,11,12,13,14,15,16,17,18,19,2,20,21,3,4,5,6,7,8,9,Un
GCF_030014295.1	1,10,11,12,13,14,15,16,17,18,19,2,20,21,22,23,24,25,26,27,3,4,5,6,7,8,9,Un
GCF_030014385.1	1,10,11,12,13,14,15,16,17,18,19,2,20,21,22,23,24,25,26,27,3,4,5,6,7,8,9,Un
GCF_030020395.1	1,10,11,12,13,14,15,16,17,18,19,2,3,4,5,6,7,8,9,Un
GCF_030028045.1	1,10,11,12,13,14,15,16,17,2,3,4,5,6,7,8,9,Un
GCF_030035675.1	1,10,11,12,13,14,15,16,17,18,19,2,20,21,22,3,4,5,6,7,8,9,Un
GCF_030144855.1	1,10,11,12,13,14,15,16,17,18,19,2,20,21,22,23,24,25,26,27,28,29,3,30,31,32,4,5,6,7,8,9,Un
GCF_030222135.1	Un
GCF_030435755.1	1,10,11,12,13,14,15,16,17,18,19,2,20,21,22,23,24,25,26,27,28,29,3,30,31,32,33,4,5,6,7,8,9,Un
GCF_030490865.1	1,10,11,12,13,14,15,16,17,18,19,2,20,21,22,23,24,25,26,27,28,29,3,30,31,32,33,34,35,36,37,38,39,4,5,6,7,8,9,Un
GCF_030684315.1	1,10,11,12,13,14,15,16,17,18,19,2,20,21,22,23,24,25,26,27,28,29,3,30,31,32,33,34,35,36,37,38,39,4,40,41,42,43,44,45,46,47,48,49,5,50,6,7,8,9,Un
GCF_030867095.1	1,10,11,12,13,14,15,16,2,3,4,5,6,7,8,9,Un
GCF_030936135.1	1,10,11,12,13,14,15,16,17,18,19,2,20,21,22,23,24,25,26,27,28,29,3,30,31,32,33,34,35,36,37,38,39,4,40,41,42,43,5,6,7,8,9,Un
GCF_035046505.1	1,10,11,12,13,14,15,16,2,3,4,5,6,7,8,9,Un
GCF_035084215.1	1,10,11,12,13,14,15,16,17,18,19,2,20,21,22,23,24,25,26,27,28,29,3,30,31,32,33,34,35,36,37,38,39,4,40,41,42,43,44,45,5,6,7,8,9,Un
GCF_035149785.1	1,10,11,12,13,14,15,16,17,18,2,3,4,5,6,7,8,9,Un
GCF_035609145.1	1,10,11,12,13,2,3,4,5,6,7,8,9,Un
GCF_035770615.1	1,10,11,12,13,14,15,16,17,18,19,2,20,21,22,23,24,25,26,27,28,29,3,30,31,4,5,6,7,8,9,Un
GCF_036013445.1	1,10,11,12,13,14,15,16,17,18,19,2,20,21,22,23,24,25,26,27,28,29,3,30,31,32,33,34,35,36,37,38,39,4,5,6,7,8,9,Un
GCF_036013475.1	1,10,11,12,13,14,15,16,17,18,19,2,20,21,22,23,24,25,26,27,28,29,3,30,31,32,33,34,35,36,37,38,39,4,5,6,7,8,9,Un
GCF_036250125.1	1,10,11,12,13,14,15,16,17,18,19,2,20,21,22,23,24,25,26,27,28,29,3,30,31,4,5,6,7,8,9,Un
GCF_036321535.1	1,10,11,12,13,14,15,16,17,18,19,2,20,21,22,23,24,25,26,27,28,29,3,30,31,32,33,34,35,36,4,5,6,7,8,9,Un
GCF_036365525.1	1,10,11,12,13,14,15,16,17,18,19,2,20,21,22,23,24,25,26,27,28,29,3,30,31,32,33,34,35,36,37,38,39,4,40,41,42,43,44,45,46,47,48,49,5,50,6,7,8,9,Un
GCF_036370855.1	1,10,11,12,13,14,15,16,17,18,19,2,20,21,22,23,24,25,26,27,28,29,3,30,31,32,33,34,35,36,37,38,39,4,5,6,7,8,9,Un
GCF_036373705.1	1,10,11,12,13,14,15,16,17,18,19,2,20,21,22,23,3,4,5,6,7,8,9,Un
GCF_036417665.1	1,10,11,12,13,14,15,16,17,18,19,2,20,21,22,23,24,25,26,27,28,29,3,30,31,32,33,34,35,36,37,4,5,6,7,8,9,Un
GCF_036417845.1	1,10,11,12,13,14,15,16,17,18,19,2,20,21,22,23,24,25,26,27,28,29,3,30,31,32,33,34,35,36,37,38,39,4,40,41,42,5,6,7,8,9,Un
GCF_036850765.1	1,10,11,12,2,3,4,5,6,7,8,9,Un
GCF_036850995.1	1,10,11,12,13,2,3,4,5,6,7,8,9,Un
GCF_036971685.1	1,10,11,12,13,14,15,16,17,18,19,2,20,21,22,23,24,25,26,27,28,29,3,30,31,32,33,34,35,36,37,38,39,4,5,6,7,8,9,Un
GCF_037157495.1	1,10,11,12,13,14,15,16,17,18,19,2,20,21,22,23,24,3,4,5,6,7,8,9,Un
GCF_037176765.1	1,10,11,12,13,2,3,4,5,6,7,8,9,Un
GCF_038355195.1	1,10,11,12,13,14,15,16,17,18,19,2,20,21,22,23,24,25,26,27,28,3,4,5,6,7,8,9,Un
GCF_039906515.1	1,10,11,12,13,14,15,16,17,18,19,2,20,21,3,4,5,6,7,8,9,Un
GCF_900634415.1	1,10,11,12,13,14,15,16,17,18,19,2,20,21,22,23,24,3,4,5,6,7,8,9,Un
GCF_900634795.4	1,10,11,12,13,14,15,16,17,19,2,21,22,24,3,4,5,6,7,8,9,Un
GCF_900747795.2	1,10,11,12,13,14,15,16,17,18,2,3,4,5,6,7,8,9,Un
GCF_900964775.1	1,10,11,12,13,14,15,16,17,18,19,2,20,21,22,23,24,25,3,4,5,6,7,8,9,Un
GCF_902148845.1	1,10,11,12,13,14,15,16,17,18,19,2,20,22,23,3,4,5,6,7,8,9,Un
GCF_902148855.1	1,10,11,12,13,14,15,16,17,18,19,2,20,21,22,24,3,4,5,6,7,8,9,Un
GCF_902150065.1	1,10,11,12,13,14,15,16,17,18,19,2,20,21,22,23,24,3,4,5,6,7,8,9,Un
GCF_902167405.1	1,10,11,12,13,14,15,16,17,18,19,2,20,21,22,23,3,4,5,6,7,8,9,Un
GCF_902362185.1	1,10,11,12,13,14,15,16,2,3,4,5,6,7,8,9,Un
GCF_902500255.1	1,10,11,12,13,14,15,16,17,18,19,2,20,21,22,23,3,4,5,6,7,8,9,Un
GCF_902686445.1	1,10,11,12,13,14,15,16,17,18,19,2,3,4,5,6,7,8,9,Un
GCF_902713425.1	1,10,11,12,13,14,15,16,17,18,19,2,20,21,22,23,24,25,26,27,28,29,3,30,31,32,33,34,35,36,37,38,39,4,40,41,42,43,44,45,46,47,48,49,5,50,51,52,53,54,55,56,57,58,59,6,60,7,8,9,Un
GCF_902827165.1	Un
GCF_902827175.1	Un
GCF_903798145.1	1,10,11,12,13,14,15,16,17,18,19,2,20,21,22,23,24,25,3,4,5,6,7,8,9,Un
GCF_903992535.2	1,10,11,12,13,14,15,17,18,2,3,4,5,6,7,8,9,Un
GCF_905171765.1	1,10,11,2,3,4,5,6,7,8,9,Un
GCF_905171775.1	1,10,11,12,13,2,3,4,5,6,7,8,9,Un
GCF_910594005.1	1,10,11,12,13,14,15,16,17,18,19,2,20,21,22,23,24,25,26,27,28,29,3,30,31,32,33,4,5,6,7,8,9,Un
GCF_910596095.1	1,10,11,12,13,14,15,16,17,18,19,2,20,21,22,23,24,3,4,5,6,7,8,9,Un
GCF_937001465.1	1,10,11,12,13,14,15,16,17,18,19,2,20,21,3,4,5,6,7,8,9,Un
GCF_947179515.1	1,10,11,12,13,14,15,16,17,18,19,2,20,21,22,23,3,4,5,6,7,8,9,Un
GCF_947347685.1	1,10,11,12,13,14,15,16,17,18,19,2,20,21,22,23,24,3,4,5,6,7,8,9,Un
GCF_949316205.1	1,10,11,12,13,14,15,16,17,18,19,2,20,21,22,23,24,3,4,5,6,7,8,9,Un
GCF_949316345.1	1,10,11,12,13,14,15,16,17,18,19,2,20,21,3,4,5,6,7,8,9,Un
GCF_949774975.1	1,10,11,12,13,14,15,16,17,18,19,2,20,21,3,4,5,6,7,8,9,Un
GCF_949987535.1	1,10,11,12,13,14,15,16,17,18,19,2,20,21,3,4,5,6,7,8,9,Un
GCF_950005125.1	1,10,11,12,13,14,15,16,17,18,19,2,20,21,22,23,24,25,26,3,4,5,6,7,8,9,Un
GCF_958295425.1	1,10,11,12,13,14,15,16,17,18,19,2,20,21,3,4,5,6,7,8,9,Un
GCF_963259705.1	1,10,11,12,13,14,15,16,17,18,19,2,20,21,3,4,5,6,7,8,9,Un
GCF_963506605.1	1,10,11,12,13,14,15,16,17,2,3,4,5,6,7,8,9,Un
GCF_963514075.1	1,10,11,12,13,14,15,16,17,18,19,2,3,4,5,6,7,8,9,Un
GCF_963576545.1	1,10,11,12,13,14,15,16,17,18,19,2,20,21,22,23,3,4,5,6,7,8,9,Un
GCF_963584025.1	1,10,11,12,13,14,15,16,17,18,19,2,20,21,22,23,24,3,4,5,6,7,8,9,Un
GCF_963662255.1	1,10,11,12,13,14,15,16,17,18,19,2,20,21,22,23,24,25,26,27,28,29,3,30,31,32,33,34,35,36,37,38,4,5,6,7,8,9,Un
GCF_963691925.1	1,10,11,12,13,14,15,16,17,18,19,2,20,21,22,23,24,3,4,5,6,7,8,9,Un
GCF_963692335.1	1,10,11,12,13,14,15,16,17,18,19,2,20,21,22,23,24,25,26,27,28,3,4,5,6,7,8,9,Un
GCF_963854185.1	1,10,11,12,13,14,15,16,17,18,19,2,20,21,22,23,24,3,4,5,6,7,8,9,Un
GCF_963921805.1	1,10,11,12,13,14,15,16,17,18,19,2,20,21,22,23,24,25,26,27,28,29,3,30,31,32,33,34,4,5,6,7,8,9,Un
GCF_963924245.1	1,10,11,12,13,14,15,16,17,18,19,2,20,21,22,23,24,25,26,27,28,29,3,30,31,32,4,5,6,7,8,9,Un
GCF_963924675.1	1,10,11,12,13,14,15,16,17,18,19,2,20,21,3,4,5,6,7,8,9,Un
GCF_963924715.1	1,10,11,12,13,14,15,16,17,18,19,2,20,21,22,23,24,3,4,5,6,7,8,9,Un
GCF_963930625.1	1,10,11,12,13,14,15,16,17,18,19,2,20,21,22,3,4,5,6,7,8,9,Un
GCF_963930695.1	1,10,11,12,13,14,15,16,17,18,19,2,20,21,22,23,24,3,4,5,6,7,8,9,Un
