	scientific_name	biosample	accession	fasta	mu	gen	group_mu	autosomes
0	Phalacrocorax_aristotelis	SAMEA10059652	GCA_949628215.1	GCA_949628215.1_bGulAri2.1_genomic.fna	9.12e-09	8.0	1.043e-08	1,10,11,12,13,14,15,16,17,18,19,2,20,21,22,23,24,25,26,27,28,29,3,30,31,32,33,34,4,5,6,7,8,9,Un
1	Spermophilus_citellus	SAMEA10332752	GCA_964194105.1	GCA_964194105.1_mSpeCit3.1_genomic.fna	5.81875e-09	0.66	8.36e-09	1,10,11,12,13,14,15,16,17,18,19,2,3,4,5,6,7,8,9,Un
2	Erpetoichthys_calabaricus	SAMEA104026374	GCF_900747795.2	GCF_900747795.2_fErpCal1.3_genomic.fna	5.62e-09	3.0	5.55e-09	1,10,11,12,13,14,15,16,17,18,2,3,4,5,6,7,8,9,Un
3	Anabas_testudineus	SAMEA104026376	GCA_900324465.3	GCA_900324465.3_fAnaTes1.3_genomic.fna	4.97e-09	0.5	5.55e-09	1,10,11,12,13,14,15,16,17,18,19,2,21,22,23,24,3,4,5,6,7,8,9,Un
4	Gouania_willdenowi	SAMEA104026382	GCA_900634775.2	GCA_900634775.2_fGouWil2.2_genomic.fna	7.36e-09	1.0	5.55e-09	1,10,11,12,13,14,15,16,17,18,19,2,20,21,22,24,3,4,5,6,7,8,9,Un
5	Thalassophryne_amazonica	SAMEA104129913	GCF_902500255.1	GCF_902500255.1_fThaAma1.1_genomic.fna	7.36e-09	1.0	5.55e-09	1,10,11,12,13,14,15,16,17,18,19,2,20,21,22,23,3,4,5,6,7,8,9,Un
6	Denticeps_clupeoides	SAMEA104129917	GCA_900700375.2	GCA_900700375.2_fDenClu1.2_genomic.fna	2e-09	6.0	5.55e-09	1,10,11,12,13,14,15,16,17,18,19,2,20,3,4,5,6,7,8,9,Un
7	Danio_kyathit	SAMEA104130240	GCA_903798195.1	GCA_903798195.1_fDanKya3.1_genomic.fna	5.62e-09	3.0	5.55e-09	1,10,11,12,13,14,15,16,17,18,19,2,20,21,22,23,24,25,3,4,5,6,7,8,9,Un
8	Harpagifer_antarcticus	SAMEA104132831	GCA_902827135.1	GCA_902827135.1_fHarAnt1.1_genomic.fna	4.36e-09	1.5	5.55e-09	Un
9	Trematomus_bernacchii	SAMEA104132834	GCF_902827165.1	GCF_902827165.1_fTreBer1.1_genomic.fna	4.36e-09	1.5	5.55e-09	Un
10	Neostethus_bicornis	SAMEA104240207	GCA_902685375.1	GCA_902685375.1_fNeoBic2.1_genomic.fna	8.2e-09	0.6	5.55e-09	1,10,11,12,13,14,15,16,17,18,19,2,20,21,22,23,24,3,4,5,6,7,8,9,Un
11	Danio_aesculapii	SAMEA104240212	GCF_903798145.1	GCF_903798145.1_fDanAes4.1_genomic.fna	5.62e-09	3.0	5.55e-09	1,10,11,12,13,14,15,16,17,18,19,2,20,21,22,23,24,25,3,4,5,6,7,8,9,Un
12	Cottoperca_gobio	SAMEA104242975	GCF_900634415.1	GCF_900634415.1_fCotGob3.1_genomic.fna	4.36e-09	1.5	5.55e-09	1,10,11,12,13,14,15,16,17,18,19,2,20,21,22,23,24,3,4,5,6,7,8,9,Un
13	Gymnodraco_acuticeps	SAMEA104242997	GCF_902827175.1	GCF_902827175.1_fGymAcu1.1_genomic.fna	4.36e-09	1.5	5.55e-09	Un
14	Betta_splendens	SAMEA104381735	GCF_900634795.4	GCF_900634795.4_fBetSpl5.4_genomic.fna	4.97e-09	0.5	5.55e-09	1,10,11,12,13,14,15,16,17,19,2,21,22,24,3,4,5,6,7,8,9,Un
15	Takifugu_rubripes	SAMEA104384834	GCA_901000725.3	GCA_901000725.3_fTakRub1.3_genomic.fna	2.25e-09	2.0	5.55e-09	1,10,11,12,13,14,15,16,17,18,19,2,20,21,22,3,4,5,6,7,8,9,Un
16	Sparus_aurata	SAMEA104384835	GCA_900880675.2	GCA_900880675.2_fSpaAur1.2_genomic.fna	2.25e-09	2.0	5.55e-09	1,10,11,12,13,14,15,16,17,18,19,2,20,21,22,23,24,3,4,5,6,7,8,9,Un
17	Rhinatrema_bivittatum	SAMEA104387956	GCA_901001135.2	GCA_901001135.2_aRhiBiv1.2_genomic.fna	7.76e-10	0.66	7.76e-10	1,10,11,12,13,14,15,16,17,18,19,2,3,4,5,6,7,8,9,Un
18	Microcaecilia_unicolor	SAMEA104387962	GCA_901765095.2	GCA_901765095.2_aMicUni1.2_genomic.fna	7.76e-10	0.66	7.76e-10	1,10,11,12,13,14,2,3,4,5,6,7,8,9,Un
19	Geotrypetes_seraphini	SAMEA104387963	GCA_902459505.2	GCA_902459505.2_aGeoSer1.2_genomic.fna	7.76e-10	0.66	7.76e-10	1,10,11,12,13,14,15,16,17,18,19,2,3,4,5,6,7,8,9,Un
20	Hyperoodon_ampullatus	SAMEA10839125	GCA_949752795.1	GCA_949752795.1_mHypAmp2.1_genomic.fna	8.83e-09	20.0	8.36e-09	1,10,11,12,13,14,15,16,17,18,19,2,20,3,4,5,6,7,8,9,Un
21	Solea_solea	SAMEA10984647	GCF_958295425.1	GCF_958295425.1_fSolSol10.1_genomic.fna	9.13e-09	2.0	5.55e-09	1,10,11,12,13,14,15,16,17,18,19,2,20,21,3,4,5,6,7,8,9,Un
22	Platichthys_flesus	SAMEA110026475	GCF_949316205.1	GCF_949316205.1_fPlaFle2.1_genomic.fna	8.52e-09	5.0	5.55e-09	1,10,11,12,13,14,15,16,17,18,19,2,20,21,22,23,24,3,4,5,6,7,8,9,Un
23	Plecotus_auritus	SAMEA110056142	GCA_963455305.1	GCA_963455305.1_mPleAur1.1_genomic.fna	8.1e-09	5.0	8.36e-09	1,10,11,12,13,14,15,2,3,4,5,6,7,8,9,Un
24	Ammodytes_marinus	SAMEA110137622	GCA_949987685.1	GCA_949987685.1_fAmmMar1.1_genomic.fna	2.25e-09	2.0	5.55e-09	1,10,11,12,13,14,15,16,17,18,19,2,20,21,22,23,24,25,3,4,5,6,7,8,9,Un
25	Argentina_silus	SAMEA110137623	GCA_951799395.1	GCA_951799395.1_fArgSil1.1_genomic.fna	4.31e-09	3.0	5.55e-09	1,10,11,12,13,14,15,16,17,18,19,2,20,21,22,3,4,5,6,7,8,9,Un
26	Raja_brachyura	SAMEA110450105	GCA_963514005.1	GCA_963514005.1_sRajBra1.1_genomic.fna	5.81875e-09	0.66	5.55e-09	1,10,11,12,13,14,15,16,17,18,19,2,20,21,22,23,24,25,26,27,28,29,3,30,31,32,33,34,35,36,37,38,39,4,40,41,42,43,44,45,46,47,48,5,6,7,8,9,Un
27	Scophthalmus_maximus	SAMEA110450106	GCA_963854745.1	GCA_963854745.1_fScoMax1.1_genomic.fna	8.52e-09	5.0	5.55e-09	1,10,11,12,13,14,15,16,17,18,19,2,20,21,22,3,4,5,6,7,8,9,Un
28	Scomber_scombrus	SAMEA110450232	GCF_963691925.1	GCF_963691925.1_fScoSco1.1_genomic.fna	7.36e-09	1.0	5.55e-09	1,10,11,12,13,14,15,16,17,18,19,2,20,21,22,23,24,3,4,5,6,7,8,9,Un
29	Muntiacus_reevesi	SAMEA110690972	GCF_963930625.1	GCF_963930625.1_mMunRee1.1_genomic.fna	4.7e-09	4.0	8.36e-09	1,10,11,12,13,14,15,16,17,18,19,2,20,21,22,3,4,5,6,7,8,9,Un
30	Delphinus_delphis	SAMEA111380534	GCA_949987515.2	GCA_949987515.2_mDelDel1.2_genomic.fna	8.83e-09	20.0	8.36e-09	1,10,11,12,13,14,15,16,17,18,19,2,20,21,3,4,5,6,7,8,9,Un
31	Phocoena_phocoena	SAMEA111380536	GCF_963924675.1	GCF_963924675.1_mPhoPho1.1_genomic.fna	8.83e-09	20.0	8.36e-09	1,10,11,12,13,14,15,16,17,18,19,2,20,21,3,4,5,6,7,8,9,Un
32	Lagenorhynchus_albirostris	SAMEA111380537	GCF_949774975.1	GCF_949774975.1_mLagAlb1.1_genomic.fna	8.83e-09	20.0	8.36e-09	1,10,11,12,13,14,15,16,17,18,19,2,20,21,3,4,5,6,7,8,9,Un
33	Globicephala_melas	SAMEA111380538	GCA_963455315.2	GCA_963455315.2_mGloMel1.2_genomic.fna	8.83e-09	20.0	8.36e-09	1,10,11,12,13,14,15,16,17,18,19,2,20,21,3,4,5,6,7,8,9,Un
34	Stenella_coeruleoalba	SAMEA111380539	GCA_951394435.1	GCA_951394435.1_mSteCoe1.1_genomic.fna	8.83e-09	20.0	8.36e-09	1,10,11,12,13,14,15,16,17,18,19,2,20,21,3,4,5,6,7,8,9,Un
35	Balaenoptera_acutorostrata	SAMEA111380540	GCF_949987535.1	GCF_949987535.1_mBalAcu1.1_genomic.fna	8.83e-09	20.0	8.36e-09	1,10,11,12,13,14,15,16,17,18,19,2,20,21,3,4,5,6,7,8,9,Un
36	Thunnus_thynnus	SAMEA111406335	GCF_963924715.1	GCF_963924715.1_fThuThy2.1_genomic.fna	5.61e-09	1.0	5.55e-09	1,10,11,12,13,14,15,16,17,18,19,2,20,21,22,23,24,3,4,5,6,7,8,9,Un
37	Zootoca_vivipara	SAMEA111528662	GCF_963506605.1	GCF_963506605.1_rZooViv1.1_genomic.fna	2.54e-08	2.0	1.241e-08	1,10,11,12,13,14,15,16,17,2,3,4,5,6,7,8,9,Un
38	Lampetra_fluviatilis	SAMEA111528664	GCA_964198595.1	GCA_964198595.1_kcLamFluv1.1_genomic.fna	5.81875e-09	0.66	5.55e-09	1,10,11,12,13,14,15,16,17,18,19,2,20,21,22,23,24,25,26,27,28,29,3,30,31,32,33,34,35,36,37,38,39,4,40,41,42,43,44,45,46,47,48,49,5,50,51,52,53,54,55,56,57,58,59,6,60,61,62,63,64,65,66,67,68,69,7,70,71,72,73,74,75,76,77,78,79,8,80,81,82,9,Un
39	Chelon_labrosus	SAMEA111562027	GCA_963514085.1	GCA_963514085.1_fCheLab1.1_genomic.fna	7.36e-09	1.0	5.55e-09	1,10,11,12,13,14,15,16,17,18,19,2,20,21,22,23,24,3,4,5,6,7,8,9,Un
40	Pollachius_pollachius	SAMEA111562038	GCA_949987615.1	GCA_949987615.1_fPolPol2.1_genomic.fna	7.36e-09	1.0	5.55e-09	1,10,11,12,13,14,15,16,17,18,19,2,20,3,4,5,6,7,8,9,Un
41	Labrus_mixtus	SAMEA111562155	GCF_963584025.1	GCF_963584025.1_fLabMix1.1_genomic.fna	2.25e-09	2.0	5.55e-09	1,10,11,12,13,14,15,16,17,18,19,2,20,21,22,23,24,3,4,5,6,7,8,9,Un
42	Zeus_faber	SAMEA111562156	GCA_960531495.1	GCA_960531495.1_fZeuFab8.1_genomic.fna	7.36e-09	1.0	5.55e-09	1,10,11,12,13,14,15,16,17,18,19,2,20,21,22,3,4,5,6,7,8,9,Un
43	Labrus_bergylta	SAMEA111562158	GCF_963930695.1	GCF_963930695.1_fLabBer1.1_genomic.fna	2.25e-09	2.0	5.55e-09	1,10,11,12,13,14,15,16,17,18,19,2,20,21,22,23,24,3,4,5,6,7,8,9,Un
44	Eutrigla_gurnardus	SAMEA111562159	GCA_963514095.1	GCA_963514095.1_fEutGur1.1_genomic.fna	4.36e-09	1.5	5.55e-09	1,10,11,12,13,14,15,16,17,18,19,2,20,21,22,23,24,3,4,5,6,7,8,9,Un
45	Sardina_pilchardus	SAMEA111562172	GCF_963854185.1	GCF_963854185.1_fSarPil1.1_genomic.fna	2e-09	6.0	5.55e-09	1,10,11,12,13,14,15,16,17,18,19,2,20,21,22,23,24,3,4,5,6,7,8,9,Un
46	Sprattus_sprattus	SAMEA111562173	GCA_963457725.1	GCA_963457725.1_fSprSpr1.1_genomic.fna	2e-09	6.0	5.55e-09	1,10,11,12,13,14,15,16,17,18,19,2,20,21,3,4,5,6,7,8,9,Un
47	Mesoplodon_bidens	SAMEA112165298	GCA_964148845.1	GCA_964148845.1_mMesBid2.hap2.1_genomic.fna	8.83e-09	20.0	8.36e-09	1,10,11,12,13,14,15,16,17,18,19,2,20,3,4,5,6,7,8,9,Un
48	Vespertilio_murinus	SAMEA112247422	GCA_963924515.1	GCA_963924515.1_mVesMur1.1_genomic.fna	8.1e-09	5.0	8.36e-09	1,10,11,12,13,14,15,16,17,18,2,3,4,5,6,7,8,9,Un
49	Aythya_ferina	SAMEA112468034	GCA_964211825.1	GCA_964211825.1_bAytFer1.hap1.1_genomic.fna	7.06e-09	10.0	1.043e-08	1,10,11,12,13,14,15,16,17,18,19,2,20,21,22,23,24,25,26,27,28,29,3,30,31,32,33,34,35,36,37,38,39,4,5,6,7,8,9,Un
50	Clangula_hyemalis	SAMEA112468035	GCA_963989345.1	GCA_963989345.1_bClaHye2.1_genomic.fna	7.06e-09	10.0	1.043e-08	1,10,11,12,13,14,15,16,17,18,19,2,20,21,22,23,24,25,26,27,28,29,3,30,31,32,33,34,35,36,37,38,39,4,40,5,6,7,8,9,Un
51	Anas_acuta	SAMEA112468036	GCA_963932015.1	GCA_963932015.1_bAnaAcu1.1_genomic.fna	7.06e-09	10.0	1.043e-08	1,10,11,12,13,14,15,16,17,18,19,2,20,21,22,23,24,25,26,27,28,29,3,30,31,32,33,34,35,36,37,4,5,6,7,8,9,Un
52	Chroicocephalus_ridibundus	SAMEA112468038	GCF_963924245.1	GCF_963924245.1_bChrRid1.1_genomic.fna	8.72e-09	12.0	1.043e-08	1,10,11,12,13,14,15,16,17,18,19,2,20,21,22,23,24,25,26,27,28,29,3,30,31,32,4,5,6,7,8,9,Un
53	Larus_fuscus	SAMEA112468039	GCA_963932225.1	GCA_963932225.1_bLarFus1.1_genomic.fna	8.72e-09	12.0	1.043e-08	1,10,11,12,13,14,15,16,17,18,19,2,20,21,22,23,24,25,26,27,28,29,3,30,31,4,5,6,7,8,9,Un
54	Anser_brachyrhynchus	SAMEA112468040	GCA_964034855.1	GCA_964034855.1_bAnsBra1.1_genomic.fna	7.06e-09	10.0	1.043e-08	1,10,11,12,13,14,15,16,17,18,19,2,20,21,22,23,24,25,26,27,28,29,3,30,31,32,33,34,35,36,37,38,39,4,5,6,7,8,9,Un
55	Bucephala_clangula	SAMEA112468123	GCA_964059595.1	GCA_964059595.1_bBucCla1.1_genomic.fna	7.06e-09	10.0	1.043e-08	1,10,11,12,13,14,15,16,17,18,19,2,20,21,22,23,24,25,26,27,28,29,3,30,31,32,33,34,35,36,37,38,39,4,5,6,7,8,9,Un
56	Netta_rufina	SAMEA112468124	GCA_964035555.1	GCA_964035555.1_bNetRuf1.1_genomic.fna	7.06e-09	10.0	1.043e-08	1,10,11,12,13,14,15,16,17,18,19,2,20,21,22,23,24,25,26,27,28,29,3,30,31,32,33,34,35,36,37,38,39,4,40,5,6,7,8,9,Un
57	Neogale_vison	SAMEA112468126	GCA_964106205.1	GCA_964106205.1_mNeoVis2.hap2.1_genomic.fna	4.64e-09	1.0	8.36e-09	1,10,11,12,13,14,2,3,4,5,6,7,8,9,Un
58	Talpa_europaea	SAMEA112468127	GCA_964194135.1	GCA_964194135.1_mTalEur1.hap1.1_genomic.fna	4.7e-09	4.0	8.36e-09	1,10,11,12,13,14,15,16,2,3,4,5,6,7,8,9,Un
60	Numenius_arquata	SAMEA112693994	GCA_964106895.1	GCA_964106895.1_bNumArq3.hap1.1_genomic.fna	8.72e-09	12.0	1.043e-08	1,10,11,12,13,14,15,16,17,18,19,2,20,21,22,23,24,25,26,27,28,29,3,30,31,32,33,34,35,36,37,38,39,4,5,6,7,8,9,Un
61	Echiichthys_vipera	SAMEA112765695	GCA_963691815.1	GCA_963691815.1_fEchVip8.1_genomic.fna	4.36e-09	1.5	5.55e-09	1,10,11,12,13,14,15,16,17,18,19,2,20,21,22,23,3,4,5,6,7,8,9,Un
62	Limanda_limanda	SAMEA112765706	GCF_963576545.1	GCF_963576545.1_fLimLim1.1_genomic.fna	8.52e-09	5.0	5.55e-09	1,10,11,12,13,14,15,16,17,18,19,2,20,21,22,23,3,4,5,6,7,8,9,Un
63	Blennius_ocellaris	SAMEA112788961	GCA_963422515.1	GCA_963422515.1_fBleOce1.1_genomic.fna	7.36e-09	1.0	5.55e-09	1,10,11,12,13,14,15,16,17,18,19,2,20,21,22,23,24,3,4,5,6,7,8,9,Un
64	Rhamphochromis_sp._'chilingali'	SAMEA112818853	GCA_963969265.1	GCA_963969265.1_fRhaChi2.1_genomic.fna	8.2e-09	0.6	5.55e-09	1,10,11,12,13,14,15,16,17,18,19,2,20,21,22,3,4,5,6,7,8,9,Un
65	Rangifer_tarandus_platyrhynchus	SAMEA112840270	GCA_949782905.1	GCA_949782905.1_mRanTar1.h1.1_genomic.fna	4.7e-09	4.0	8.36e-09	1,10,11,12,13,14,15,16,17,18,19,2,20,21,22,23,24,25,26,27,28,29,3,30,31,32,33,34,4,5,6,7,8,9,Un
66	Somateria_mollissima	SAMEA112864454	GCA_951411735.1	GCA_951411735.1_bSomMol1.h1.1_genomic.fna	7.06e-09	10.0	1.043e-08	1,10,11,12,13,14,15,16,17,18,19,2,20,21,22,23,24,25,26,27,28,29,3,30,31,32,4,5,6,7,8,9,Un
67	Abramis_brama	SAMEA11296536	GCA_963993115.1	GCA_963993115.1_fAbrBra2.1_genomic.fna	5.62e-09	3.0	5.55e-09	1,10,11,12,13,14,15,16,17,18,19,2,20,21,22,23,24,25,3,4,5,6,7,8,9,Un
68	Gobio_gobio	SAMEA11296538	GCA_949357685.1	GCA_949357685.1_fGobGob1.1_genomic.fna	5.62e-09	3.0	5.55e-09	1,10,11,12,13,14,15,16,17,18,19,2,20,21,22,23,24,25,3,4,5,6,7,8,9,Un
69	Barbatula_barbatula	SAMEA11296540	GCA_947034865.1	GCA_947034865.1_fBarBar1.1_genomic.fna	5.62e-09	3.0	5.55e-09	1,10,11,12,13,14,15,16,17,18,19,2,20,21,22,23,24,25,3,4,5,6,7,8,9,Un
70	Scardinius_erythrophthalmus	SAMEA11296541	GCA_964197995.1	GCA_964197995.1_fScaEry2.hap1.1_genomic.fna	5.62e-09	3.0	5.55e-09	1,10,11,12,13,14,15,16,17,18,19,2,20,21,22,23,24,25,3,4,5,6,7,8,9,Un
71	Pungitius_pungitius	SAMEA11296545	GCF_949316345.1	GCF_949316345.1_fPunPun2.1_genomic.fna	4.36e-09	1.5	5.55e-09	1,10,11,12,13,14,15,16,17,18,19,2,20,21,3,4,5,6,7,8,9,Un
72	Anas_platyrhynchos	SAMEA113398833	GCA_964188345.1	GCA_964188345.1_bAnaPla2.hap1.1_genomic.fna	7.06e-09	10.0	1.043e-08	1,10,11,12,13,14,15,16,17,18,19,2,20,21,22,23,24,25,26,27,28,29,3,30,31,32,33,34,35,36,37,38,39,4,5,6,7,8,9,Un
73	Grus_grus	SAMEA113398837	GCA_964106855.1	GCA_964106855.1_bGruGru1.hap1.1_genomic.fna	6.68e-09	3.0	1.043e-08	1,10,11,12,13,14,15,16,17,18,19,2,20,21,22,23,24,25,26,27,28,29,3,30,31,32,33,34,35,36,37,38,39,4,5,6,7,8,9,Un
74	Vulpes_vulpes	SAMEA113398840	GCA_964106925.2	GCA_964106925.2_mVulVul1.hap2.2_genomic.fna	4.46e-09	1.0	8.36e-09	1,10,11,12,13,14,15,16,2,3,4,5,6,7,8,9,Un
75	Anser_anser	SAMEA113398854	GCA_964211835.1	GCA_964211835.1_bAnsAns1.hap1.1_genomic.fna	7.06e-09	10.0	1.043e-08	1,10,11,12,13,14,15,16,17,18,19,2,20,21,22,23,24,25,26,27,28,29,3,30,31,32,33,34,35,36,37,38,39,4,5,6,7,8,9,Un
76	Gallinula_chloropus	SAMEA113398958	GCA_964237585.1	GCA_964237585.1_bGalChl1.hap1.1_genomic.fna	6.68e-09	3.0	1.043e-08	1,10,11,12,13,14,15,16,17,18,19,2,20,21,22,23,24,25,26,27,28,29,3,30,31,32,33,34,35,36,37,4,5,6,7,8,9,Un
77	Cetorhinus_maximus	SAMEA113902670	GCA_964194155.1	GCA_964194155.1_sCetMax3.hap1.1_genomic.fna	5.81875e-09	0.66	5.55e-09	1,10,11,12,13,14,15,16,17,18,19,2,20,21,22,23,24,25,26,27,28,29,3,30,31,32,33,34,35,36,37,38,4,5,6,7,8,9,Un
78	Miniopterus_schreibersii	SAMEA113980738	GCA_964146895.1	GCA_964146895.1_mMinSch1.hap1.1_genomic.fna	8.1e-09	5.0	8.36e-09	1,10,11,12,13,14,15,16,17,18,19,2,20,21,22,3,4,5,6,7,8,9,Un
79	Rhinolophus_hipposideros	SAMEA113980802	GCA_964194185.1	GCA_964194185.1_mRhiHip2.hap1.1_genomic.fna	8.1e-09	5.0	8.36e-09	1,10,11,12,13,14,15,16,17,18,19,2,20,21,22,23,24,25,26,27,28,3,4,5,6,7,8,9,Un
80	Larus_michahellis	SAMEA114211328	GCA_964199755.1	GCA_964199755.1_bLarMic1.1_genomic.fna	8.72e-09	12.0	1.043e-08	1,10,11,12,13,14,15,16,17,18,19,2,20,21,22,23,24,25,26,27,28,29,3,30,31,32,33,4,5,6,7,8,9,Un
81	Podarcis_gaigeae	SAMEA114217796	GCA_964106915.1	GCA_964106915.1_rPodGai1.hap1.1_genomic.fna	2.54e-08	2.0	1.241e-08	1,10,11,12,13,14,15,16,17,18,19,2,3,4,5,6,7,8,9,Un
82	Podarcis_pityusensis	SAMEA114217797	GCA_964106635.2	GCA_964106635.2_rPodPit1.hap2.2_genomic.fna	2.54e-08	2.0	1.241e-08	1,10,11,12,13,14,15,16,17,18,2,3,4,5,6,7,8,9,Un
83	Myotis_mystacinus	SAMEA114250307	GCA_964094495.2	GCA_964094495.2_mMyoMys1.hap1.1_genomic.fna	8.1e-09	5.0	8.36e-09	1,10,11,12,13,14,15,16,17,18,19,2,20,21,3,4,5,6,7,8,9,Un
84	Vipera_berus	SAMEA114293681	GCA_964194415.1	GCA_964194415.1_rVipBer3.hap1.1_genomic.fna	2.54e-08	2.0	1.241e-08	1,10,11,12,13,14,15,16,17,2,3,4,5,6,7,8,9,Un
85	Calonectris_borealis	SAMEA114294356	GCA_964196065.2	GCA_964196065.2_bCalBor7.hap2.2_genomic.fna	1.5e-08	10.0	1.043e-08	1,10,11,12,13,14,15,16,17,18,19,2,20,21,22,23,24,25,26,27,28,29,3,30,31,32,33,34,35,36,37,38,39,4,5,6,7,8,9,Un
86	Mustelus_asterias	SAMEA114298637	GCA_964213995.1	GCA_964213995.1_sMusAst1.hap1.1_genomic.fna	5.81875e-09	0.66	5.55e-09	1,10,11,12,13,14,15,16,17,18,19,2,20,21,22,23,24,25,26,27,28,29,3,30,31,32,33,4,5,6,7,8,9,Un
87	Buteo_buteo	SAMEA114594453	GCA_964188355.1	GCA_964188355.1_bButBut1.hap1.1_genomic.fna	2.61e-09	11.0	1.043e-08	1,10,11,12,13,14,15,16,17,18,19,2,20,21,22,23,24,25,26,27,28,29,3,30,31,32,33,4,5,6,7,8,9,Un
88	Myotis_nattereri	SAMEA114614248	GCA_964212035.1	GCA_964212035.1_mMyoNat1.hap1.1_genomic.fna	8.1e-09	5.0	8.36e-09	1,10,11,12,13,14,15,16,17,18,19,2,20,21,3,4,5,6,7,8,9,Un
89	Pipistrellus_nathusii	SAMEA114653171	GCA_963693515.1	GCA_963693515.1_mPipNat.pri_genomic.fna	8.1e-09	5.0	8.36e-09	1,10,11,12,13,14,15,16,17,18,19,2,20,21,3,4,5,6,7,8,9,Un
90	Podarcis_bocagei	SAMEA115336769	GCA_964188305.1	GCA_964188305.1_rPodBoc1.hap1.1_genomic.fna	2.54e-08	2.0	1.241e-08	1,10,11,12,13,14,15,16,17,18,2,3,4,5,6,7,8,9,Un
91	Podarcis_erhardii	SAMEA115336771	GCA_964252035.1	GCA_964252035.1_rPodErh1.hap1.1_genomic.fna	2.54e-08	2.0	1.241e-08	1,10,11,12,13,14,15,16,17,18,2,3,4,5,6,7,8,9,Un
92	Podarcis_siculus	SAMEA115336774	GCA_964188175.1	GCA_964188175.1_rPodSic1.hap1.1_genomic.fna	2.54e-08	2.0	1.241e-08	1,10,11,12,13,14,15,16,17,18,2,3,4,5,6,7,8,9,Un
93	Podarcis_melisellensis	SAMEA115336775	GCA_964234825.1	GCA_964234825.1_rPodMel1.hap2.1_genomic.fna	2.54e-08	2.0	1.241e-08	1,10,11,12,13,14,15,16,17,18,2,3,4,5,6,7,8,9,Un
94	Podarcis_muralis	SAMEA115336776	GCA_964188315.1	GCA_964188315.1_rPodMur119.hap1.1_genomic.fna	2.54e-08	2.0	1.241e-08	1,10,11,12,13,14,15,16,17,18,2,3,4,5,6,7,8,9,Un
95	Podarcis_cretensis	SAMEA12110019	GCA_951804945.1	GCA_951804945.1_rPodCre2.1_genomic.fna	2.54e-08	2.0	1.241e-08	1,10,11,12,13,14,15,16,17,18,2,3,4,5,6,7,8,9,Un
96	Conger_conger	SAMEA12219431	GCF_963514075.1	GCF_963514075.1_fConCon1.1_genomic.fna	5.62e-09	3.0	5.55e-09	1,10,11,12,13,14,15,16,17,18,19,2,3,4,5,6,7,8,9,Un
97	Microchirus_variegatus	SAMEA12219470	GCA_963457635.1	GCA_963457635.1_fMicVar1.1_genomic.fna	9.13e-09	2.0	5.55e-09	1,10,11,12,13,14,15,16,17,18,19,2,20,21,22,23,3,4,5,6,7,8,9,Un
98	Symphodus_melops	SAMEA12219485	GCA_947650265.1	GCA_947650265.1_fSymMel2.1_genomic.fna	2.25e-09	2.0	5.55e-09	1,10,11,12,13,14,15,16,17,18,19,2,20,21,22,23,3,4,5,6,7,8,9,Un
99	Silurus_aristotelis	SAMEA12595289	GCA_946808225.1	GCA_946808225.1_fSilAri3.1_genomic.fna	5.62e-09	3.0	5.55e-09	1,10,11,12,13,14,15,16,17,18,19,2,20,21,22,23,24,25,26,27,28,29,3,4,5,6,7,8,9,Un
100	Myxine_glutinosa	SAMEA12790223	GCA_964187855.1	GCA_964187855.1_kmMyxGlut1.1_genomic.fna	5.81875e-09	0.66	5.55e-09	1,10,11,12,13,14,2,3,4,5,6,7,8,9,Un
101	Nannobrachium_achirus	SAMEA12815432	GCA_963921795.1	GCA_963921795.1_fNanAch1.1_genomic.fna	7.36e-09	1.0	5.55e-09	1,10,11,12,13,14,15,16,17,18,19,2,20,21,22,23,24,3,4,5,6,7,8,9,Un
102	Protomyctophum_bolini	SAMEA12815434	GCA_963924005.1	GCA_963924005.1_fProBol1.1_genomic.fna	7.36e-09	1.0	5.55e-09	1,10,11,12,13,14,15,16,17,18,19,2,20,21,22,23,24,3,4,5,6,7,8,9,Un
103	Gymnoscopelus_microlampas	SAMEA12815435	GCA_963454915.1	GCA_963454915.1_fGymMic1.1_genomic.fna	7.36e-09	1.0	5.55e-09	1,10,11,12,13,14,15,16,17,18,19,2,20,21,22,23,24,3,4,5,6,7,8,9,Un
104	Protomyctophum_parallelum	SAMEA12815440	GCA_964188405.1	GCA_964188405.1_fProPar1.1_genomic.fna	7.36e-09	1.0	5.55e-09	1,10,11,12,13,14,15,16,17,18,19,2,20,21,22,23,3,4,5,6,7,8,9
105	Notothenia_rossii	SAMEA12815441	GCA_949606895.1	GCA_949606895.1_fNotRos5.1_genomic.fna	4.36e-09	1.5	5.55e-09	1,10,11,12,2,3,4,5,6,7,8,9,Un
106	Melanostigma_gelatinosum	SAMEA12815492	GCA_949748355.1	GCA_949748355.1_fMelGel1.1_genomic.fna	4.36e-09	1.5	5.55e-09	1,10,11,12,13,14,15,16,17,18,19,2,20,21,22,23,24,3,4,5,6,7,8,9,Un
107	Gymnoscopelus_braueri	SAMEA12815494	GCA_963280865.1	GCA_963280865.1_fGymBra2.1_genomic.fna	7.36e-09	1.0	5.55e-09	1,10,11,12,13,14,15,16,17,18,19,2,20,21,22,23,24,3,4,5,6,7,8,9,Un
108	Vipera_ursinii	SAMEA12832258	GCA_947247035.1	GCA_947247035.1_rVipUrs1.1_genomic.fna	2.54e-08	2.0	1.241e-08	1,10,11,12,13,14,15,16,17,2,3,4,5,6,7,8,9,Un
109	Anaecypris_hispanica	SAMEA12885580	GCA_964187705.1	GCA_964187705.1_fAnaHis.hap1_genomic.fna	5.62e-09	3.0	5.55e-09	1,10,11,12,13,14,15,16,17,18,19,2,20,21,22,23,24,25,3,4,5,6,7,8,9,Un
110	Nesoenas_mayeri	SAMEA12922160	GCA_963082525.1	GCA_963082525.1_bNesMay2.1_genomic.fna	6.68e-09	3.0	1.043e-08	1,10,11,12,13,14,15,16,17,18,19,2,20,21,22,23,24,25,26,27,28,29,3,30,31,32,33,34,35,36,37,38,4,5,6,7,8,9,Un
111	Chionomys_nivalis	SAMEA13217622	GCF_950005125.1	GCF_950005125.1_mChiNiv1.1_genomic.fna	5.81875e-09	0.66	8.36e-09	1,10,11,12,13,14,15,16,17,18,19,2,20,21,22,23,24,25,26,3,4,5,6,7,8,9,Un
112	Alburnus_alburnus	SAMEA13300737	GCA_964188515.1	GCA_964188515.1_fAlbAlb.hap1_genomic.fna	5.62e-09	3.0	5.55e-09	1,10,11,12,13,14,15,16,17,18,19,2,20,21,22,23,24,25,3,4,5,6,7,8,9,Un
113	Barbus_barbus	SAMEA13335783	GCA_936440315.1	GCA_936440315.1_fBarBab1.1_genomic.fna	5.62e-09	3.0	5.55e-09	1,10,11,12,13,14,15,16,17,18,19,2,20,21,22,23,24,25,26,27,28,29,3,30,31,32,33,34,35,36,37,38,39,4,40,41,42,43,44,45,46,47,48,49,5,50,6,7,8,9,Un
114	Sylvilagus_floridanus	SAMEA13607423	GCA_949820135.1	GCA_949820135.1_mSylFlo1.10_genomic.fna	5.81875e-09	0.66	8.36e-09	1,10,11,12,13,14,15,16,17,18,19,2,20,21,22,23,24,3,4,5,6,7,8,9,Un
115	Pleuronectes_platessa	SAMEA13853390	GCF_947347685.1	GCF_947347685.1_fPlePla1.1_genomic.fna	8.52e-09	5.0	5.55e-09	1,10,11,12,13,14,15,16,17,18,19,2,20,21,22,23,24,3,4,5,6,7,8,9,Un
116	Gobius_niger	SAMEA13854149	GCA_951799975.1	GCA_951799975.1_fGobNig1.1_genomic.fna	7.36e-09	1.0	5.55e-09	1,10,11,12,13,14,15,16,17,18,19,2,20,21,22,23,24,3,4,5,6,7,8,9,Un
117	Hyperoplus_immaculatus	SAMEA13854416	GCA_949357725.1	GCA_949357725.1_fHypImm3.1_genomic.fna	2.25e-09	2.0	5.55e-09	1,10,11,12,13,14,15,16,17,18,19,2,20,21,22,23,24,3,4,5,6,7,8,9,Un
118	Syngnathus_acus	SAMEA13854528	GCA_948146105.1	GCA_948146105.1_fSynAcu2.1_genomic.fna	5.61e-09	1.0	5.55e-09	1,10,11,12,13,14,15,16,17,19,2,20,21,22,23,24,3,4,5,6,8,9,Un
119	Eptesicus_nilssonii	SAMEA14098186	GCA_951640355.1	GCA_951640355.1_mEptNil1.1_genomic.fna	8.1e-09	5.0	8.36e-09	1,10,11,12,13,14,15,16,17,18,19,2,20,21,22,23,24,3,4,5,6,7,8,9,Un
120	Osmerus_eperlanus	SAMEA14448128	GCF_963692335.1	GCF_963692335.1_fOsmEpe2.1_genomic.fna	4.31e-09	3.0	5.55e-09	1,10,11,12,13,14,15,16,17,18,19,2,20,21,22,23,24,25,26,27,28,3,4,5,6,7,8,9,Un
121	Parambassis_ranga	SAMEA4675621	GCA_900634625.2	GCA_900634625.2_fParRan2.2_genomic.fna	7.36e-09	1.0	5.55e-09	1,10,12,13,14,15,16,17,18,19,2,20,21,22,24,3,4,5,6,7,8,9,Un
122	Erithacus_rubecula	SAMEA4760689	GCA_903797595.2	GCA_903797595.2_bEriRub2.2_genomic.fna	6.68e-09	3.0	1.043e-08	1,10,11,12,13,14,15,16,17,18,19,2,20,21,22,23,24,25,26,27,28,29,3,31,33,34,4,5,6,8,9,Un
123	Scleropages_formosus	SAMEA4872123	GCF_900964775.1	GCF_900964775.1_fSclFor1.1_genomic.fna	5.62e-09	3.0	5.55e-09	1,10,11,12,13,14,15,16,17,18,19,2,20,21,22,23,24,25,3,4,5,6,7,8,9,Un
124	Myripristis_murdjan	SAMEA4872133	GCF_902150065.1	GCF_902150065.1_fMyrMur1.1_genomic.fna	7.36e-09	1.0	5.55e-09	1,10,11,12,13,14,15,16,17,18,19,2,20,21,22,23,24,3,4,5,6,7,8,9,Un
125	Sphaeramia_orbicularis	SAMEA4966328	GCF_902148855.1	GCF_902148855.1_fSphaOr1.1_genomic.fna	7.36e-09	1.0	5.55e-09	1,10,11,12,13,14,15,16,17,18,19,2,20,21,22,24,3,4,5,6,7,8,9,Un
126	Salarias_fasciatus	SAMEA4966329	GCF_902148845.1	GCF_902148845.1_fSalaFa1.1_genomic.fna	7.36e-09	1.0	5.55e-09	1,10,11,12,13,14,15,16,17,18,19,2,20,22,23,3,4,5,6,7,8,9,Un
127	Echeneis_naucrates	SAMEA4966390	GCA_900963305.2	GCA_900963305.2_fEcheNa1.2_genomic.fna	8.52e-09	5.0	5.55e-09	1,10,11,12,13,14,15,16,17,18,19,2,20,21,22,23,24,3,4,5,6,7,8,9,Un
128	Chanos_chanos	SAMEA5159473	GCF_902362185.1	GCF_902362185.1_fChaCha1.1_genomic.fna	5.62e-09	3.0	5.55e-09	1,10,11,12,13,14,15,16,2,3,4,5,6,7,8,9,Un
129	Acipenser_ruthenus	SAMEA5572864	GCF_902713425.1	GCF_902713425.1_fAciRut3.2_maternal_haplotype_genomic.fna	5.62e-09	3.0	5.55e-09	1,10,11,12,13,14,15,16,17,18,19,2,20,21,22,23,24,25,26,27,28,29,3,30,31,32,33,34,35,36,37,38,39,4,40,41,42,43,44,45,46,47,48,49,5,50,51,52,53,54,55,56,57,58,59,6,60,7,8,9,Un
130	Gadus_morhua	SAMEA5574046	GCF_902167405.1	GCF_902167405.1_gadMor3.0_genomic.fna	7.36e-09	1.0	5.55e-09	1,10,11,12,13,14,15,16,17,18,19,2,20,21,22,23,3,4,5,6,7,8,9,Un
131	Rana_temporaria	SAMEA7521635	GCF_905171775.1	GCF_905171775.1_aRanTem1.1_genomic.fna	7.76e-10	0.66	7.76e-10	1,10,11,12,13,2,3,4,5,6,7,8,9,Un
132	Bufo_bufo	SAMEA7521636	GCF_905171765.1	GCF_905171765.1_aBufBuf1.1_genomic.fna	7.76e-10	0.66	7.76e-10	1,10,11,2,3,4,5,6,7,8,9,Un
133	Pholis_gunnellus	SAMEA7522838	GCA_910591455.2	GCA_910591455.2_fPhoGun1.2_genomic.fna	4.36e-09	1.5	5.55e-09	1,10,11,12,13,14,15,16,17,18,19,2,20,21,22,23,24,3,4,5,6,7,8,9,Un
134	Lipophrys_pholis	SAMEA7522844	GCA_963383615.1	GCA_963383615.1_fLipPho2.1_genomic.fna	7.36e-09	1.0	5.55e-09	1,10,11,12,13,14,15,16,17,18,19,2,20,21,22,23,3,4,5,6,7,8,9,Un
135	Taurulus_bubalis	SAMEA7522994	GCA_910589615.1	GCA_910589615.1_fTauBub2.1_genomic.fna	4.36e-09	1.5	5.55e-09	1,10,11,12,13,14,15,16,17,18,19,2,20,21,3,4,5,6,7,8,9
136	Cervus_elaphus	SAMEA7523520	GCF_910594005.1	GCF_910594005.1_mCerEla1.1_genomic.fna	4.7e-09	4.0	8.36e-09	1,10,11,12,13,14,15,16,17,18,19,2,20,21,22,23,24,25,26,27,28,29,3,30,31,32,33,4,5,6,7,8,9,Un
137	Caprimulgus_europaeus	SAMEA7524394	GCA_907165065.1	GCA_907165065.1_bCapEur3.1_genomic.fna	6.68e-09	3.0	1.043e-08	1,10,11,12,13,14,15,16,17,18,19,2,20,21,22,23,24,25,26,27,28,29,3,30,31,32,33,34,35,4,5,6,7,8,9,Un
138	Trachurus_trachurus	SAMEA7524396	GCA_905171665.2	GCA_905171665.2_fTraTra1.2_genomic.fna	8.52e-09	5.0	5.55e-09	1,10,11,12,13,14,15,16,17,18,19,2,20,21,22,23,24,3,4,5,6,7,8,9,Un
139	Meles_meles	SAMEA7524400	GCA_922984935.2	GCA_922984935.2_mMelMel3.2_paternal_haplotype_genomic.fna	4.64e-09	1.0	8.36e-09	1,10,11,12,13,14,15,16,17,18,19,2,20,21,3,4,5,6,7,8,9,Un
140	Apodemus_sylvaticus	SAMEA7702024	GCF_947179515.1	GCF_947179515.1_mApoSyl1.1_genomic.fna	5.81875e-09	0.66	8.36e-09	1,10,11,12,13,14,15,16,17,18,19,2,20,21,22,23,3,4,5,6,7,8,9,Un
141	Meleagris_gallopavo	SAMEA7852930	GCA_943294205.1	GCA_943294205.1_MGAL_WU_HG_1.0_parent2_genomic.fna	3.62e-09	2.0	1.043e-08	1,10,11,12,13,14,15,16,17,18,19,2,20,21,22,23,24,25,26,27,28,29,3,30,31,32,33,34,35,4,5,6,7,8,9,Un
142	Phalacrocorax_carbo	SAMEA8228692	GCF_963921805.1	GCF_963921805.1_bPhaCar2.1_genomic.fna	9.12e-09	8.0	1.043e-08	1,10,11,12,13,14,15,16,17,18,19,2,20,21,22,23,24,25,26,27,28,29,3,30,31,32,33,34,4,5,6,7,8,9,Un
143	Accipiter_gentilis	SAMEA8235650	GCA_929443795.2	GCA_929443795.2_bAccGen1.2_genomic.fna	2.61e-09	11.0	1.043e-08	1,10,11,12,13,14,15,16,17,18,19,2,20,21,22,23,24,25,26,27,28,29,3,30,31,32,33,34,35,36,37,38,4,5,6,7,8,9,Un
144	Telmatherina_bonti	SAMEA8592627	GCA_933228915.1	GCA_933228915.1_fTelBon1.1_genomic.fna	8.2e-09	0.6	5.55e-09	1,10,11,12,13,14,15,16,17,18,19,2,20,21,22,23,24,3,4,5,6,7,8,9,Un
145	Thunnus_maccoyii	SAMEA8654747	GCF_910596095.1	GCF_910596095.1_fThuMac1.1_genomic.fna	5.61e-09	1.0	5.55e-09	1,10,11,12,13,14,15,16,17,18,19,2,20,21,22,23,24,3,4,5,6,7,8,9,Un
146	Thunnus_albacares	SAMEA8654749	GCA_914725855.2	GCA_914725855.2_fThuAlb1.2_genomic.fna	5.61e-09	1.0	5.55e-09	1,10,11,12,13,14,15,16,17,18,19,2,20,21,22,23,24,3,4,5,6,7,8,9,Un
147	Nansenia_antarctica	SAMEA8748805	GCA_963989245.1	GCA_963989245.1_fNanAnt1.1_genomic.fna	4.31e-09	3.0	5.55e-09	1,10,11,12,13,14,15,16,17,18,19,2,20,3,4,5,6,7,8,9,Un
148	Notolepis_coatsorum	SAMEA8748806	GCA_963971535.1	GCA_963971535.1_fNotCoa1.1_genomic.fna	7.36e-09	1.0	5.55e-09	1,10,11,12,13,14,15,16,17,18,19,2,20,3,4,5,6,7,8,9,Un
149	Electrona_antarctica	SAMEA8748807	GCA_951216825.1	GCA_951216825.1_fEleAnt2.1_genomic.fna	7.36e-09	1.0	5.55e-09	1,10,11,12,13,14,15,16,17,18,19,2,20,21,22,23,24,3,4,5,6,7,8,9,Un
150	Borostomias_antarcticus	SAMEA8748812	GCA_949987555.1	GCA_949987555.1_fBorAnt1.1_genomic.fna	4.31e-09	3.0	5.55e-09	1,10,11,12,13,14,15,16,17,18,19,2,20,21,22,23,24,25,26,27,28,29,3,30,31,32,33,34,35,36,37,4,5,6,7,8,9,Un
151	Orcinus_orca	SAMEA8800229	GCF_937001465.1	GCF_937001465.1_mOrcOrc1.1_genomic.fna	1.41e-08	20.0	8.36e-09	1,10,11,12,13,14,15,16,17,18,19,2,20,21,3,4,5,6,7,8,9,Un
152	Fringilla_coelebs	SAMEA9359753	GCA_963513975.1	GCA_963513975.1_bFriCoe1.1_genomic.fna	6.1e-09	1.0	1.043e-08	1,10,11,12,13,14,15,16,17,18,19,2,20,21,22,23,24,25,26,27,28,29,3,30,31,32,33,34,35,36,37,38,39,4,5,6,7,8,9,Un
153	Tetrao_urogallus	SAMEA9654429	GCA_951394365.1	GCA_951394365.1_bTetUro1.1_genomic.fna	3.62e-09	2.0	1.043e-08	1,10,11,12,13,14,15,16,17,18,19,2,20,21,22,23,24,25,26,27,28,29,3,30,31,32,33,34,35,36,37,38,4,5,6,7,8,9,Un
154	Cinclus_cinclus	SAMEA9679959	GCF_963662255.1	GCF_963662255.1_bCinCin1.1_genomic.fna	6.68e-09	3.0	1.043e-08	1,10,11,12,13,14,15,16,17,18,19,2,20,21,22,23,24,25,26,27,28,29,3,30,31,32,33,34,35,36,37,38,4,5,6,7,8,9,Un
155	Myotis_daubentonii	SAMEA9921455	GCF_963259705.1	GCF_963259705.1_mMyoDau2.1_genomic.fna	8.1e-09	5.0	8.36e-09	1,10,11,12,13,14,15,16,17,18,19,2,20,21,3,4,5,6,7,8,9,Un
156	Pipistrellus_pygmaeus	SAMEA9921456	GCA_949987585.1	GCA_949987585.1_mPipPyg2.1_genomic.fna	8.1e-09	5.0	8.36e-09	1,10,11,12,13,14,15,16,17,18,19,2,20,21,3,4,5,6,7,8,9,Un
157	Pipistrellus_pipistrellus	SAMEA994724	GCA_903992545.1	GCA_903992545.1_mPipPip1.1_genomic.fna	8.1e-09	5.0	8.36e-09	1,10,11,12,13,14,15,16,17,18,19,2,20,21,3,4,5,6,7,8,9,Un
158	Sciurus_carolinensis	SAMEA994726	GCF_902686445.1	GCF_902686445.1_mSciCar1.2_genomic.fna	5.81875e-09	0.66	8.36e-09	1,10,11,12,13,14,15,16,17,18,19,2,3,4,5,6,7,8,9,Un
159	Scyliorhinus_canicula	SAMEA994730	GCA_902713615.2	GCA_902713615.2_sScyCan1.2_genomic.fna	5.81875e-09	0.66	5.55e-09	1,10,11,12,13,14,15,16,17,18,19,2,20,21,22,23,24,25,26,27,29,3,30,31,4,5,6,7,8,9,Un
160	Streptopelia_turtur	SAMEA994735	GCA_901699155.2	GCA_901699155.2_bStrTur1.2_genomic.fna	6.68e-09	3.0	1.043e-08	1,10,11,12,13,14,15,17,18,19,2,20,21,22,23,24,25,26,27,28,29,3,30,32,33,4,5,6,7,8,9,Un
161	Arvicola_amphibius	SAMEA994740	GCF_903992535.2	GCF_903992535.2_mArvAmp1.2_genomic.fna	5.81875e-09	0.66	8.36e-09	1,10,11,12,13,14,15,17,18,2,3,4,5,6,7,8,9,Un
162	Calypte_anna	SAMN02265252	GCF_003957555.1	GCF_003957555.1_bCalAnn1_v1.p_genomic.fna	6.68e-09	3.0	1.043e-08	1,10,11,12,13,14,15,17,18,19,2,20,21,22,23,24,25,26,27,28,3,33,4,4A,4B,5,5A,6,7,8,9,Un
163	Taeniopygia_guttata	SAMN02981239	GCF_003957565.2	GCF_003957565.2_bTaeGut1.4.pri_genomic.fna	6.1e-09	1.0	1.043e-08	1,10,11,12,13,14,15,16,17,18,19,1A,2,20,21,22,23,24,25,26,27,28,29,3,30,31,32,33,34,35,36,37,4,4A,5,6,7,8,9,Un
164	Homo_sapiens	SAMN03283347	GCA_018852615.3	GCA_018852615.3_Q100_hg002v1.0.1.mat_genomic.fna	1.3546507936507935e-08	29.0	8.36e-09	1,10,11,12,13,14,15,16,17,18,19,2,20,21,22,3,4,5,6,7,8,9
165	Gopherus_evgoodei	SAMN03496275	GCF_007399415.2	GCF_007399415.2_rGopEvg1_v1.p_genomic.fna	6.68e-09	3.0	1.241e-08	1,10,11,12,13,14,15,16,17,18,19,2,20,21,22,23,24,3,4,5,6,7,8,9,Un
166	Gorilla_gorilla_gorilla	SAMN04003007	GCA_028885475.2	GCA_028885475.2_NHGRI_mGorGor1-v2.0_pat_genomic.fna	1.3546507936507935e-08	29.0	8.36e-09	1,10,11,12,13,14,15,16,17,18,19,2,20,21,22,23,3,4,5,6,7,8,9
167	Arctocephalus_gazella	SAMN04159679	GCA_040869175.1	GCA_040869175.1_arcGaz4_h1_genomic.fna	6.78e-09	9.0	8.36e-09	Un
168	Ornithorhynchus_anatinus	SAMN08537700	GCF_004115215.2	GCF_004115215.2_mOrnAna1.pri.v4_genomic.fna	7.01e-09	10.0	8.36e-09	1,10,11,12,13,14,15,16,17,18,19,2,20,21,3,4,5,6,7,8,9,Un
169	Rhinolophus_ferrumequinum	SAMN09948510	GCF_004115265.2	GCF_004115265.2_mRhiFer1_v1.p_genomic.fna	8.1e-09	5.0	8.36e-09	10,11,12,13,14,15,16,17,18,19,2,20,21,22,23,24,25,26,27,28,3,4,5,6,7,8,9,Un
170	Archocentrus_centrarchus	SAMN09948522	GCF_007364275.1	GCF_007364275.1_fArcCen1_genomic.fna	8.2e-09	0.6	5.55e-09	1,10,11,12,13,14,15,16,17,18,19,2,20,21,22,23,24,3,4,5,6,7,8,9,Un
171	Phyllostomus_discolor	SAMN09948786	GCF_004126475.2	GCF_004126475.2_mPhyDis1.pri.v3_genomic.fna	8.1e-09	5.0	8.36e-09	1,10,11,12,13,14,15,2,3,4,5,6,7,8,9,Un
172	Pongo_abelii	SAMN10521808	GCF_028885655.2	GCF_028885655.2_NHGRI_mPonAbe1-v2.0_pri_genomic.fna	1.66e-08	22.0	8.36e-09	1,10,11,12,13,14,15,16,17,18,19,2,20,21,22,23,3,4,5,6,7,8,9
173	Pongo_pygmaeus	SAMN10521809	GCF_028885625.2	GCF_028885625.2_NHGRI_mPonPyg2-v2.0_pri_genomic.fna	1.66e-08	22.0	8.36e-09	1,10,11,12,13,14,15,16,17,18,19,2,20,21,22,23,3,4,5,6,7,8,9
174	Bubalus_bubalis	SAMN11104991	GCF_019923935.1	GCF_019923935.1_NDDB_SH_1_genomic.fna	1.17e-08	6.0	8.36e-09	1,10,11,12,13,14,15,16,17,18,19,2,20,21,22,23,24,3,4,5,6,7,8,9
175	Balaenoptera_musculus	SAMN12287136	GCF_009873245.2	GCF_009873245.2_mBalMus1.pri.v3_genomic.fna	8.83e-09	20.0	8.36e-09	1,10,11,12,13,14,15,16,17,18,19,2,20,21,3,4,5,6,7,8,9,Un
176	Alca_torda	SAMN12292087	GCA_008658365.1	GCA_008658365.1_bAlcTor1_primary_genomic.fna	8.72e-09	12.0	1.043e-08	1,10,11,12,13,14,15,16,17,18,19,2,20,21,22,23,24,25,3,4,5,6,7,8,9,Un
177	Tursiops_truncatus	SAMN12326775	GCA_011762515.1	GCA_011762515.1_mTurTru1.pat_genomic.fna	8.83e-09	20.0	8.36e-09	Un
178	Zalophus_californianus	SAMN12368149	GCF_009762305.2	GCF_009762305.2_mZalCal1.pri.v2_genomic.fna	6.78e-09	9.0	8.36e-09	1,10,11,12,13,14,15,16,17,2,3,4,5,6,7,8,9,Un
179	Corvus_moneduloides	SAMN12368441	GCF_009650955.1	GCF_009650955.1_bCorMon1.pri_genomic.fna	6.68e-09	3.0	1.043e-08	1,10,11,12,13,14,15,16,17,18,19,2,20,21,22,23,24,25,26,27,28,29,3,30,31,32,33,34,4,5,6,7,8,9,Un
180	Callithrix_jacchus	SAMN12368443	GCA_011100535.2	GCA_011100535.2_mCalJac1.2.pat_genomic.fna	4.3e-09	2.5	8.36e-09	1,10,11,12,13,14,15,16,17,18,19,2,20,21,22,3,4,5,6,7,8,9,Un
181	Sterna_hirundo	SAMN12369541	GCA_009819605.1	GCA_009819605.1_bSteHir1.pri_genomic.fna	8.72e-09	12.0	1.043e-08	1,10,11,12,13,14,15,16,17,18,19,2,20,21,22,23,24,25,3,4,5,6,7,8,9,Un
182	Sylvia_atricapilla	SAMN12369542	GCF_009819655.1	GCF_009819655.1_bSylAtr1.pri_genomic.fna	5.19e-09	2.0	1.043e-08	1,10,11,12,13,14,15,16,17,18,19,2,20,21,22,23,24,25,26,27,28,29,3,30,31,32,33,4,5,6,7,8,9,Un
183	Arvicanthis_niloticus	SAMN12611849	GCA_011762545.1	GCA_011762545.1_mArvNil1.pat_genomic.fna	5.81875e-09	0.66	8.36e-09	Un
184	Choloepus_didactylus	SAMN12612024	GCF_015220235.1	GCF_015220235.1_mChoDid1.pri_genomic.fna	9.18e-09	2.5	8.36e-09	1,10,11,12,13,14,15,16,17,18,19,2,20,21,22,23,24,25,26,27,3,4,5,6,7,8,9,Un
185	Tamandua_tetradactyla	SAMN12612337	GCA_023851605.1	GCA_023851605.1_mTamTet1.pri_genomic.fna	9.18e-09	2.5	8.36e-09	1,10,11,12,13,14,15,16,17,18,19,2,20,21,22,23,24,25,26,3,4,5,6,7,8,9,Un
186	Chelonia_mydas	SAMN12612360	GCF_015237465.2	GCF_015237465.2_rCheMyd1.pri.v2_genomic.fna	6.68e-09	3.0	1.241e-08	1,10,11,12,13,14,15,16,17,18,19,2,20,21,22,23,24,25,26,27,28,3,4,5,6,7,8,9,Un
187	Bucorvus_abyssinicus	SAMN12614799	GCA_009769605.1	GCA_009769605.1_bBucAby1.pri_genomic.fna	9.79e-10	4.0	1.043e-08	1,10,11,12,13,14,15,16,17,18,19,2,20,21,22,23,24,25,26,27,28,29,3,30,31,32,33,34,35,36,37,38,39,4,5,6,7,8,9,Un
188	Cariama_cristata	SAMN12614807	GCA_009819825.1	GCA_009819825.1_bCarCri1.pri_genomic.fna	6.68e-09	3.0	1.043e-08	1,10,11,12,13,14,15,16,17,18,19,2,20,21,22,23,24,25,26,27,28,29,3,30,31,32,33,34,35,36,37,38,39,4,40,41,42,43,44,45,46,47,48,49,5,50,6,7,8,9,Un
189	Phoenicopterus_ruber_ruber	SAMN12614931	GCA_009819775.1	GCA_009819775.1_bPhoRub2.pri_genomic.fna	1.65e-08	28.0	1.043e-08	1,10,11,12,13,14,15,16,17,18,19,2,20,21,22,23,24,25,26,27,28,29,3,30,31,4,5,6,7,8,9,Un
190	Balearica_regulorum_gibbericeps	SAMN12615749	GCA_011004875.1	GCA_011004875.1_bBalReg1.pri_genomic.fna	6.68e-09	3.0	1.043e-08	1,10,11,12,13,14,15,16,17,18,19,2,20,21,22,23,24,25,26,27,28,29,3,30,31,32,33,34,35,4,5,6,7,8,9,Un
191	Catharus_ustulatus	SAMN12618602	GCF_009819885.2	GCF_009819885.2_bCatUst1.pri.v2_genomic.fna	6.96e-09	3.0	1.043e-08	1,10,11,12,13,14,15,16,17,18,2,20,21,22,23,24,25,26,27,28,29,3,30,31,32,33,34,35,36,37,38,39,4,40,5,6,7,8,9,Un
192	Sylvia_borin	SAMN12618613	GCA_014839755.1	GCA_014839755.1_bSylBor1.pri_genomic.fna	5.19e-09	2.0	1.043e-08	1,10,11,12,13,14,15,16,17,18,19,2,20,21,22,23,24,25,26,27,28,29,3,30,31,32,33,34,35,36,4,5,6,7,8,9,Un
193	Chiroxiphia_lanceolata	SAMN12620979	GCF_009829145.1	GCF_009829145.1_bChiLan1.pri_genomic.fna	6.68e-09	3.0	1.043e-08	1,10,11,12,13,14,15,16,17,18,19,2,20,21,22,23,24,25,26,27,28,29,3,30,31,32,33,4,5,6,7,8,9,Un
194	Merops_nubicus	SAMN12621035	GCA_009819595.1	GCA_009819595.1_bMerNub1.pri_genomic.fna	9.79e-10	4.0	1.043e-08	1,10,11,12,13,14,15,16,17,18,19,2,20,21,22,23,24,25,26,27,28,29,3,30,31,32,33,34,4,5,6,7,8,9,Un
195	Tauraco_erythrolophus	SAMN12621036	GCA_009769465.1	GCA_009769465.1_bTauEry1.pri_genomic.fna	6.68e-09	3.0	1.043e-08	1,10,11,12,13,14,15,16,17,18,19,2,20,21,22,23,24,25,26,27,28,29,3,30,31,4,5,6,7,8,9,Un
196	Lemur_catta	SAMN12621102	GCF_020740605.2	GCF_020740605.2_mLemCat1.pri_genomic.fna	1.52e-08	2.5	8.36e-09	1,10,11,12,13,14,15,16,17,18,19,2,20,21,22,23,24,25,26,27,3,4,5,6,7,8,9,Un
197	Aythya_fuligula	SAMN12621346	GCF_009819795.1	GCF_009819795.1_bAytFul2.pri_genomic.fna	7.06e-09	10.0	1.043e-08	1,10,11,12,13,14,15,16,17,18,19,2,20,21,22,23,24,25,26,27,28,29,3,30,31,32,33,34,4,5,6,7,8,9,Un
198	Cygnus_olor	SAMN12621369	GCF_009769625.2	GCF_009769625.2_bCygOlo1.pri.v2_genomic.fna	7.06e-09	10.0	1.043e-08	1,10,11,12,13,14,15,16,17,18,19,2,20,21,22,23,24,25,26,27,28,29,3,30,31,32,33,34,4,5,6,7,8,9,Un
199	Nyctibius_grandis	SAMN12622411	GCA_013368605.1	GCA_013368605.1_bNycGra1.pri_genomic.fna	6.68e-09	3.0	1.043e-08	1,10,11,12,13,14,15,16,17,18,19,2,20,21,22,23,24,25,26,27,28,29,3,30,31,32,33,34,35,36,4,5,6,7,8,9,Un
200	Melopsittacus_undulatus	SAMN12623090	GCA_012275265.1	GCA_012275265.1_bMelUnd1.mat_genomic.fna	1e-08	15.0	1.043e-08	Un
201	Notolabrus_celidotus	SAMN12623201	GCF_009762535.1	GCF_009762535.1_fNotCel1.pri_genomic.fna	2.25e-09	2.0	5.55e-09	1,10,11,12,13,14,15,16,17,18,19,2,20,21,22,23,24,3,4,5,6,7,8,9,Un
202	Pterocles_gutturalis	SAMN12623217	GCA_009769525.1	GCA_009769525.1_bPteGut1.pri_genomic.fna	6.68e-09	3.0	1.043e-08	1,10,11,12,13,14,15,16,17,18,19,2,20,21,22,23,24,25,26,27,28,29,3,30,31,32,33,34,35,4,5,6,7,8,9,Un
203	Scatophagus_argus	SAMN12623616	GCF_020382885.2	GCF_020382885.2_fScaArg1.pri_genomic.fna	2.25e-09	2.0	5.55e-09	1,10,11,12,13,14,15,16,17,18,19,2,20,21,22,23,24,3,4,5,6,7,8,9,Un
204	Melanotaenia_boesemani	SAMN12623618	GCF_017639745.1	GCF_017639745.1_fMelBoe1.pri_genomic.fna	8.2e-09	0.6	5.55e-09	1,10,11,12,13,14,15,16,17,18,19,2,20,21,22,23,24,3,4,5,6,7,8,9,Un
205	Megalops_cyprinoides	SAMN12623619	GCF_013368585.1	GCF_013368585.1_fMegCyp1.pri_genomic.fna	5.62e-09	3.0	5.55e-09	1,10,11,12,13,14,15,16,17,18,19,2,20,21,22,23,24,25,3,4,5,6,7,8,9,Un
206	Chelmon_rostratus	SAMN12623620	GCF_017976325.1	GCF_017976325.1_fCheRos1.pri_genomic.fna	2.25e-09	2.0	5.55e-09	1,10,11,12,13,14,15,16,17,18,19,2,20,21,22,23,24,3,4,5,6,7,8,9,Un
207	Aplochiton_taeniatus	SAMN12623621	GCA_017639675.1	GCA_017639675.1_fAplTae1.pri_genomic.fna	4.31e-09	3.0	5.55e-09	1,10,11,12,13,14,15,16,17,18,19,2,20,3,4,5,6,7,8,9,Un
208	Xenentodon_cancila	SAMN12623622	GCA_014839995.1	GCA_014839995.1_fXenCan1.pri_genomic.fna	8.2e-09	0.6	5.55e-09	1,10,11,12,13,14,15,16,17,18,19,2,20,21,22,23,24,3,4,5,6,7,8,9,Un
209	Electrophorus_electricus	SAMN12623625	GCF_013358815.1	GCF_013358815.1_fEleEle1.pri_genomic.fna	5.62e-09	3.0	5.55e-09	1,10,11,12,13,14,15,16,17,18,19,2,20,21,22,23,24,25,26,3,4,5,6,7,8,9,Un
210	Antennarius_maculatus	SAMN12623626	GCA_013358685.1	GCA_013358685.1_fAntMac1.pri_genomic.fna	2.25e-09	2.0	5.55e-09	1,10,11,12,13,14,15,16,17,18,19,2,20,21,22,23,24,3,4,5,6,7,8,9,Un
211	Anguilla_anguilla	SAMN12623627	GCF_013347855.1	GCF_013347855.1_fAngAng1.pri_genomic.fna	5.62e-09	3.0	5.55e-09	1,10,11,12,13,14,15,16,17,18,19,2,3,4,5,6,7,8,9,Un
212	Dryobates_pubescens	SAMN12629497	GCF_014839835.1	GCF_014839835.1_bDryPub1.pri_genomic.fna	9.79e-10	4.0	1.043e-08	1,10,11,12,13,14,15,16,17,18,19,2,20,21,22,23,24,25,26,27,28,29,3,30,31,32,33,34,35,36,37,38,39,4,40,41,42,43,44,5,6,7,8,9,Un
213	Thamnophis_elegans	SAMN12629499	GCF_009769535.1	GCF_009769535.1_rThaEle1.pri_genomic.fna	2.54e-08	2.0	1.241e-08	1,10,11,12,13,14,15,16,17,2,3,4,5,6,7,8,9,Un
214	Periophthalmus_magnuspinnatus	SAMN12629500	GCF_009829125.3	GCF_009829125.3_fPerMag1.2.pri_genomic.fna	7.36e-09	1.0	5.55e-09	1,10,11,12,13,14,15,16,17,18,19,2,20,21,22,23,24,3,4,5,6,7,8,9,Un
215	Hippoglossus_hippoglossus	SAMN12629501	GCF_009819705.1	GCF_009819705.1_fHipHip1.pri_genomic.fna	8.52e-09	5.0	5.55e-09	1,10,11,12,13,14,15,16,17,18,19,2,20,21,22,23,24,3,4,5,6,7,8,9,Un
216	Cyclopterus_lumpus	SAMN12629502	GCF_009769545.1	GCF_009769545.1_fCycLum1.pri_genomic.fna	4.36e-09	1.5	5.55e-09	1,10,11,12,13,14,15,16,17,18,19,2,20,21,22,23,24,25,3,4,5,6,7,8,9,Un
217	Sebastes_umbrosus	SAMN12629503	GCF_015220745.1	GCF_015220745.1_fSebUmb1.pri_genomic.fna	4.36e-09	1.5	5.55e-09	1,10,11,12,13,14,15,16,17,18,19,2,20,21,22,23,24,3,4,5,6,7,8,9,Un
218	Pristis_pectinata	SAMN12629505	GCF_009764475.1	GCF_009764475.1_sPriPec2.1.pri_genomic.fna	5.81875e-09	0.66	5.55e-09	1,10,11,12,13,14,15,16,17,18,19,2,20,21,22,23,24,25,26,27,28,29,3,30,31,32,33,34,35,37,38,39,4,40,41,42,43,44,45,46,5,6,7,8,9,Un
219	Petromyzon_marinus	SAMN12629506	GCF_010993605.1	GCF_010993605.1_kPetMar1.pri_genomic.fna	5.81875e-09	0.66	5.55e-09	1,10,11,12,13,14,15,16,17,18,19,2,20,21,22,23,24,25,26,27,28,29,3,30,31,32,33,34,35,36,37,38,39,4,40,41,42,43,44,45,46,47,48,49,5,50,51,52,53,54,55,56,57,58,59,6,60,61,62,63,64,65,66,67,68,69,7,70,71,72,73,74,75,76,77,78,79,8,80,81,82,83,84,85,9,Un
220	Trichosurus_vulpecula	SAMN12629507	GCF_011100635.1	GCF_011100635.1_mTriVul1.pri_genomic.fna	5.94e-09	3.0	8.36e-09	1,2,3,4,5,6,7,8,9,Un
221	Cuculus_canorus	SAMN12629508	GCF_017976375.1	GCF_017976375.1_bCucCan1.pri_genomic.fna	6.68e-09	3.0	1.043e-08	1,10,11,12,13,14,15,16,17,18,19,2,20,21,22,23,24,25,26,27,28,29,3,30,31,32,33,34,35,36,37,38,39,4,5,6,7,8,9,Un
222	Lacerta_agilis	SAMN12629509	GCF_009819535.1	GCF_009819535.1_rLacAgi1.pri_genomic.fna	2.54e-08	2.0	1.241e-08	1,10,11,12,13,14,15,16,17,18,2,3,4,5,6,7,8,9,Un
223	Geothlypis_trichas	SAMN12631222	GCA_009764595.1	GCA_009764595.1_bGeoTri1.pri_genomic.fna	6.1e-09	1.0	1.043e-08	1,10,11,12,13,14,15,16,17,18,19,2,20,21,22,23,24,25,26,27,28,29,3,30,31,32,4,5,6,7,8,9,Un
224	Tachyglossus_aculeatus	SAMN12634963	GCF_015852505.1	GCF_015852505.1_mTacAcu1.pri_genomic.fna	7.01e-09	10.0	8.36e-09	1,10,11,12,13,14,15,16,17,18,19,2,20,21,22,23,24,25,26,27,3,4,5,6,7,8,9,Un
225	Pan_paniscus	SAMN13935689	GCA_028858825.2	GCA_028858825.2_NHGRI_mPanPan1-v2.0_pat_genomic.fna	1.1628e-08	25.0	8.36e-09	1,10,11,12,13,14,15,16,17,18,19,2,20,21,22,23,3,4,5,6,7,8,9,Un
226	Mastacembelus_armatus	SAMN14169820	GCA_019455525.1	GCA_019455525.1_Marm_hapY_genomic.fna	4.97e-09	0.5	5.55e-09	1,10,11,12,13,14,15,16,17,18,19,2,20,21,22,23,3,4,5,6,7,8,9,Un
227	Poecilia_formosa	SAMN14441686	GCA_013036135.2	GCA_013036135.2_Poecilia_formosa_haplotype_latipinna_genomic.fna	8.2e-09	0.6	5.55e-09	1,10,11,12,13,14,15,16,17,18,19,2,20,21,22,23,24,3,4,5,6,7,8,9,Un
228	Hirundo_rustica	SAMN14675488	GCF_015227805.2	GCF_015227805.2_bHirRus1.pri.v3_genomic.fna	5.19e-09	2.0	1.043e-08	1,10,11,12,13,14,15,16,17,18,19,2,20,21,22,23,24,25,26,27,28,29,3,30,31,32,33,34,35,36,37,38,39,4,5,6,7,8,9,Un
229	Pogoniulus_pusillus	SAMN15098508	GCF_015220805.1	GCF_015220805.1_bPogPus1.pri_genomic.fna	9.79e-10	4.0	1.043e-08	1,10,11,12,13,14,15,16,17,18,19,2,20,21,22,23,24,25,26,27,28,29,3,30,31,32,33,34,35,36,37,38,39,4,40,41,42,43,44,5,6,7,8,9,Un
230	Gallus_gallus	SAMN15960293	GCF_016699485.2	GCF_016699485.2_bGalGal1.mat.broiler.GRCg7b_genomic.fna	5.67e-09	1.0	1.043e-08	1,10,11,12,13,14,15,16,17,18,19,2,20,21,22,23,24,25,26,27,28,29,3,30,31,32,33,34,35,36,37,38,39,4,5,6,7,8,9,Un
231	Motacilla_alba_alba	SAMN16093224	GCF_015832195.1	GCF_015832195.1_Motacilla_alba_V1.0_pri_genomic.fna	6.1e-09	1.0	1.043e-08	1,10,11,12,13,14,15,17,18,19,1A,2,20,21,22,23,24,25,26,27,28,29,3,4,4A,5,6,7,8,9,Un
232	Acanthisitta_chloris	SAMN16442762	GCA_016904835.1	GCA_016904835.1_bAcaChl1.pri_genomic.fna	6.68e-09	3.0	1.043e-08	1,10,11,12,13,14,15,16,17,18,19,2,20,21,22,23,24,25,26,27,28,29,3,30,31,32,33,34,35,36,4,5,6,7,8,9,Un
233	Falco_naumanni	SAMN16870685	GCF_017639655.2	GCF_017639655.2_bFalNau1.pat_genomic.fna	6.68e-09	3.0	1.043e-08	1,10,11,12,13,14,15,16,17,18,19,2,20,21,22,23,24,25,3,4,5,6,7,8,9,Un
234	Ciconia_maguari	SAMN18353822	GCA_017639555.1	GCA_017639555.1_bCicMag1.pri_genomic.fna	9.12e-09	8.0	1.043e-08	1,10,11,12,13,14,15,16,17,18,19,2,20,21,22,23,24,25,26,27,28,29,3,4,5,6,7,8,9,Un
235	Pluvialis_apricaria	SAMN18353970	GCA_017639485.1	GCA_017639485.1_bPluApr1.pri_genomic.fna	8.72e-09	12.0	1.043e-08	1,10,11,12,13,14,15,16,17,18,19,2,20,21,22,23,24,25,26,27,28,29,3,30,31,32,33,34,35,36,4,5,6,7,8,9,Un
236	Toxotes_jaculatrix	SAMN18445299	GCF_017976425.1	GCF_017976425.1_fToxJac2.pri_genomic.fna	8.52e-09	5.0	5.55e-09	1,10,11,12,13,14,15,16,17,18,19,2,20,21,22,23,24,3,4,5,6,7,8,9,Un
237	Ovis_aries	SAMN18719720	GCA_022702505.1	GCA_022702505.1_ASM2270250v1_genomic.fna	5.25e-09	1.7	8.36e-09	Un
238	Dromiciops_gliroides	SAMN18857598	GCF_019393635.1	GCF_019393635.1_mDroGli1.pri_genomic.fna	5.94e-09	3.0	8.36e-09	1,2,3,4,5,6,Un
239	Alosa_sapidissima	SAMN18857608	GCF_018492685.1	GCF_018492685.1_fAloSap1.pri_genomic.fna	2e-09	6.0	5.55e-09	1,10,11,12,13,14,15,16,17,18,19,2,20,21,22,23,24,3,4,5,6,7,8,9,Un
240	Jaculus_jaculus	SAMN20391724	GCF_020740685.1	GCF_020740685.1_mJacJac1.mat.Y.cur_genomic.fna	5.81875e-09	0.66	8.36e-09	1,10,11,12,13,14,15,16,17,18,19,2,20,21,22,23,3,4,5,6,7,8,9,Un
241	Actinemys_marmorata	SAMN21436765	GCA_022086475.1	GCA_022086475.1_rActMar1.p_genomic.fna	6.68e-09	3.0	1.241e-08	Un
242	Rutilus_rutilus	SAMN22026095	GCA_021464565.1	GCA_021464565.1_fRutRut3.pri.20211004_genomic.fna	5.62e-09	3.0	5.55e-09	Un
243	Leuciscus_idus	SAMN22028852	GCA_021554675.1	GCA_021554675.1_fLeuIdu1.pri.20210917_genomic.fna	5.62e-09	3.0	5.55e-09	1,10,11,12,13,14,15,16,17,18,19,2,20,21,22,23,24,25,3,4,5,6,7,8,9,Un
244	Diceros_bicornis_minor	SAMN22047685	GCF_020826845.1	GCF_020826845.1_mDicBic1.mat.cur_genomic.fna	9.56e-09	17.0	8.36e-09	1,10,11,12,13,14,15,16,17,18,19,2,20,21,22,23,24,25,26,27,28,29,3,30,31,32,33,34,35,36,37,38,39,4,40,41,5,6,7,8,9,Un
245	Scomber_colias	SAMN22141988	GCA_021039105.1	GCA_021039105.1_S.colias_p1.0_genomic.fna	7.36e-09	1.0	5.55e-09	Un
246	Trogon_surrucura	SAMN22550082	GCA_020746105.1	GCA_020746105.1_bTroSur1.pri.cur_genomic.fna	9.79e-10	4.0	1.043e-08	1,10,11,12,13,14,15,16,17,18,19,2,20,21,22,23,24,25,26,27,28,29,3,30,31,32,33,34,35,36,37,38,39,4,40,5,6,7,8,9,Un
247	Theristicus_caerulescens	SAMN22550094	GCA_020745775.1	GCA_020745775.1_bTheCae1.pri.cur_genomic.fna	1.69e-08	5.0	1.043e-08	1,10,11,12,13,14,15,16,17,18,19,2,20,21,22,23,24,25,3,4,5,6,7,8,9,Un
248	Hemiscyllium_ocellatum	SAMN22550098	GCF_020745735.1	GCF_020745735.1_sHemOce1.pat.X.cur._genomic.fna	5.81875e-09	0.66	5.55e-09	1,10,11,12,13,14,15,16,17,18,19,2,20,21,22,23,24,25,26,27,28,29,3,30,31,32,33,34,35,36,37,38,39,4,40,41,42,43,44,45,46,47,48,49,5,50,51,52,6,7,8,9,Un
249	Porphyrio_hochstetteri	SAMN22550412	GCA_020800305.1	GCA_020800305.1_bPorHoc1.mat.Z.cur_genomic.fna	6.68e-09	3.0	1.043e-08	1,10,11,12,13,14,15,16,17,18,19,2,20,21,22,23,24,25,26,27,28,29,3,30,31,32,4,5,6,7,8,9,Un
250	Hemiprocne_comata	SAMN22588383	GCA_020745705.1	GCA_020745705.1_bHemCom1.pri.cur_genomic.fna	6.68e-09	3.0	1.043e-08	1,10,11,12,13,14,15,16,17,18,19,2,20,21,22,23,24,25,26,27,28,29,3,4,5,6,7,8,9,Un
251	Tautogolabrus_adspersus	SAMN22589422	GCA_020745685.1	GCA_020745685.1_fTauAds1.pri.cur_genomic.fna	2.25e-09	2.0	5.55e-09	1,10,11,12,13,14,15,16,17,18,19,2,20,21,22,23,24,3,4,5,6,7,8,9,Un
252	Apus_apus	SAMN22785356	GCF_020740795.1	GCF_020740795.1_bApuApu2.pri.cur_genomic.fna	6.68e-09	3.0	1.043e-08	1,10,11,12,13,14,15,16,17,18,19,2,20,21,22,23,24,25,26,27,28,29,3,4,5,6,7,8,9,Un
253	Melospiza_georgiana	SAMN22787412	GCF_028018845.1	GCF_028018845.1_bMelGeo1.pri_genomic.fna	6.1e-09	1.0	1.043e-08	1,10,11,12,13,14,15,16,17,18,19,2,20,21,22,23,24,25,26,27,28,29,3,30,31,32,33,34,4,5,6,7,8,9,Un
254	Carassius_gibelio	SAMN23046545	GCF_023724105.1	GCF_023724105.1_carGib1.2-hapl.c_genomic.fna	5.62e-09	3.0	5.55e-09	A1,A10,A11,A12,A13,A14,A15,A16,A17,A18,A19,A2,A20,A21,A22,A23,A24,A25,A3,A4,A5,A6,A7,A8,A9,B1,B10,B11,B12,B13,B14,B15,B16,B17,B18,B19,B2,B20,B21,B22,B23,B24,B25,B3,B4,B5,B6,B7,B8,B9
255	Panthera_pardus	SAMN23235441	GCF_024362965.1	GCF_024362965.1_ASM2436296v1_genomic.fna	8.83e-09	4.0	8.36e-09	Un
256	Lynx_rufus	SAMN23391104	GCF_022079265.1	GCF_022079265.1_mLynRuf1.p_genomic.fna	6.045e-09	3.0	8.36e-09	Un
257	Phaethornis_superciliosus	SAMN23532249	GCA_023637945.1	GCA_023637945.1_DD_ASM_B1_genomic.fna	6.68e-09	3.0	1.043e-08	Un
258	Bos_indicus	SAMN23846333	GCA_030270825.1	GCA_030270825.1_ASM3027082v1_genomic.fna	1.17e-08	6.0	8.36e-09	1,10,11,12,13,14,15,16,17,18,19,2,20,21,22,23,24,25,26,27,28,29,3,4,5,6,7,8,9,Un
259	Desmodus_rotundus	SAMN24116476	GCA_022682495.2	GCA_022682495.2_HLdesRot8A.1_genomic.fna	8.1e-09	5.0	8.36e-09	1,10,11,12,13,2,3,4,5,6,7,8,9,Un
260	Gopherus_flavomarginatus	SAMN24199108	GCF_025201925.1	GCF_025201925.1_rGopFla2.mat.asm_genomic.fna	6.68e-09	3.0	1.241e-08	1,10,11,12,13,14,15,16,17,18,19,2,20,21,22,23,24,25,3,4,5,6,7,8,9,Un
261	Laterallus_jamaicensis_coturniculus	SAMN24505262	GCA_022605575.1	GCA_022605575.1_bLatJam1.0.p_genomic.fna	6.68e-09	3.0	1.043e-08	Un
262	Rallus_limicola	SAMN24505263	GCA_022605955.1	GCA_022605955.1_bRalLim1.0.p_genomic.fna	6.68e-09	3.0	1.043e-08	Un
263	Epinephelus_malabaricus	SAMN24662200	GCA_037127435.1	GCA_037127435.1_ASM3712743v1_genomic.fna	4.36e-09	1.5	5.55e-09	Un
264	Arizona_elegans	SAMN24818160	GCA_022577455.1	GCA_022577455.1_rAriEle1.0.p_genomic.fna	2.54e-08	2.0	1.241e-08	Un
265	Squalius_cephalus	SAMN25050720	GCA_022829025.1	GCA_022829025.1_ASM2282902v1_genomic.fna	5.62e-09	3.0	5.55e-09	1,10,11,12,13,14,15,16,17,18,19,2,20,21,22,23,24,25,3,4,5,6,7,8,9,Un
266	Vimba_vimba	SAMN25064631	GCA_022828995.1	GCA_022828995.1_ASM2282899v1_genomic.fna	5.62e-09	3.0	5.55e-09	1,10,11,12,13,14,15,16,17,18,19,2,20,21,22,23,24,25,3,4,5,6,7,8,9,Un
267	Lagopus_muta	SAMN25144835	GCF_023343835.1	GCF_023343835.1_bLagMut1_primary_genomic.fna	3.62e-09	2.0	1.043e-08	1,10,11,12,13,14,15,16,17,18,19,2,20,21,22,23,24,25,26,27,28,29,3,30,31,32,33,34,35,36,37,38,4,5,6,7,8,9,Un
268	Zingel_zingel	SAMN25211113	GCA_023566125.1	GCA_023566125.1_ASM2356612v1_genomic.fna	4.36e-09	1.5	5.55e-09	1,10,11,12,13,14,15,16,17,18,19,2,20,21,22,23,24,3,4,5,6,7,8,9,Un
269	Romanogobio_albipinnatus	SAMN25220526	GCA_023566225.1	GCA_023566225.1_ASM2356622v1_genomic.fna	5.62e-09	3.0	5.55e-09	1,10,11,12,13,14,15,16,17,18,19,2,20,21,22,23,24,25,3,4,5,6,7,8,9,Un
270	Semicossyphus_pulcher	SAMN25656429	GCA_022749685.1	GCA_022749685.1_fSemPul1.0.p_genomic.fna	2.25e-09	2.0	5.55e-09	Un
271	Crotalus_helleri	SAMN25872349	GCA_024509115.1	GCA_024509115.1_rCroOre1.0.p_genomic.fna	2.54e-08	2.0	1.241e-08	Un
272	Cebidichthys_violaceus	SAMN25872352	GCA_023349555.1	GCA_023349555.1_fCebVio1.0.p_genomic.fna	4.36e-09	1.5	5.55e-09	Un
273	Elgaria_multicarinata_webbii	SAMN25872353	GCF_023053635.1	GCF_023053635.1_rElgMul1.1.pri_genomic.fna	1.43e-08	2.0	1.241e-08	1,10,11,12,13,14,15,16,17,18,19,2,20,21,22,23,3,4,5,6,7,8,9,Un
274	Aspidoscelis_tigris_stejnegeri	SAMN25872408	GCA_023333525.1	GCA_023333525.1_rAspTig1.0.p_genomic.fna	2.54e-08	2.0	1.241e-08	Un
275	Diadophis_punctatus_similis	SAMN25872410	GCA_023053685.1	GCA_023053685.1_rDiaPun1.0.p_genomic.fna	2.54e-08	2.0	1.241e-08	Un
276	Actinemys_pallida	SAMN25872472	GCA_023634205.1	GCA_023634205.1_rActPal1.0.p_genomic.fna	6.68e-09	3.0	1.241e-08	Un
277	Agelaius_tricolor	SAMN25872474	GCA_023055355.1	GCA_023055355.1_bAgeTri1.0.p_genomic.fna	6.1e-09	1.0	1.043e-08	Un
278	Thymallus_thymallus	SAMN26209533	GCA_023634145.1	GCA_023634145.1_fThyThy.pri.20220222_genomic.fna	4.31e-09	3.0	5.55e-09	10A,10B,11A,11B,12A,12B,13A,13B,14A,14B,15A,15B,16A,16B,17A,17B,18A,18B,19A,19B,1A,1B,20A,20B,21A,21B,22A,23A,23B,24A,24B,25A,2A,2B,3A,3B,4A,4B,5A,5B,6A,6B,7A,7B,8A,8B,9A,Un
279	Cottus_gobio	SAMN26292693	GCA_023566465.1	GCA_023566465.1_ASM2356646v1_genomic.fna	4.36e-09	1.5	5.55e-09	1,10,11,12,13,14,15,16,17,18,19,2,20,21,22,23,24,3,4,5,6,7,8,9,Un
280	Gymnocephalus_cernua	SAMN26292694	GCA_023631565.1	GCA_023631565.1_fGymCer.pri_genomic.fna	4.36e-09	1.5	5.55e-09	1,10,11,12,13,14,15,16,17,18,19,2,20,21,22,23,24,3,4,5,6,7,8,9,Un
281	Thamnophis_sirtalis_fitchi	SAMN26367981	GCA_029207655.1	GCA_029207655.1_rThaSir1.0.hap2_genomic.fna	2.54e-08	2.0	1.241e-08	Un
282	Charina_bottae	SAMN26367999	GCA_023362775.1	GCA_023362775.1_rChaBot1.0.p_genomic.fna	2.54e-08	2.0	1.241e-08	Un
283	Clinocottus_analis	SAMN26368113	GCA_023055335.1	GCA_023055335.1_fCliAna1.0.p_genomic.fna	4.36e-09	1.5	5.55e-09	Un
284	Sander_lucioperca	SAMN26747300	GCA_023718385.1	GCA_023718385.1_ASM2371838v1_genomic.fna	4.36e-09	1.5	5.55e-09	1,10,11,12,13,14,15,16,17,18,19,2,20,21,22,23,24,3,4,5,6,7,8,9,Un
285	Callipepla_californica_brunnescens	SAMN26894057	GCA_023055505.1	GCA_023055505.1_bCalCai1.0.p_genomic.fna	3.62e-09	2.0	1.043e-08	Un
286	Clarias_gariepinus	SAMN27021044	GCA_024256435.1	GCA_024256435.1_CGAR_Hap1_genomic.fna	5.62e-09	3.0	5.55e-09	1,10,11,12,13,14,15,16,17,18,19,2,20,21,22,23,24,25,26,27,28,3,4,5,6,7,8,9,Un
287	Sceloporus_occidentalis	SAMN27480378	GCA_023333645.1	GCA_023333645.1_rSceOcc1.0.p_genomic.fna	1.43e-08	2.0	1.241e-08	Un
288	Channallabes_apus	SAMN28052917	GCA_030522415.1	GCA_030522415.1_ASM3052241v1_genomic.fna	5.62e-09	3.0	5.55e-09	1,10,11,12,13,14,15,16,17,18,19,2,20,21,22,23,24,25,26,27,28,3,4,5,6,7,8,9,Un
289	Vipera_latastei	SAMN28408464	GCA_024294585.1	GCA_024294585.1_rVipLat1.pri_genomic.fna	2.54e-08	2.0	1.241e-08	1,10,11,12,13,14,15,16,17,2,3,4,5,6,7,8,9,Un
290	Spheniscus_humboldti	SAMN28408465	GCA_027474245.1	GCA_027474245.1_bSphHub1.pri_genomic.fna	1.5e-08	10.0	1.043e-08	1,10,11,12,13,14,15,16,17,18,19,2,20,21,22,23,24,25,26,27,28,29,3,30,31,32,33,34,35,4,5,6,7,8,9,Un
291	Spea_bombifrons	SAMN28408467	GCF_027358695.1	GCF_027358695.1_aSpeBom1.2.pri_genomic.fna	7.76e-10	0.66	7.76e-10	1,10,11,12,13,2,3,4,5,6,7,8,9,Un
292	Nycticebus_coucang	SAMN28408555	GCF_027406575.1	GCF_027406575.1_mNycCou1.pri_genomic.fna	1.52e-08	2.5	8.36e-09	1,10,11,12,13,14,15,16,17,18,19,2,20,21,22,23,24,3,4,5,6,7,8,9,Un
293	Ammospiza_caudacuta	SAMN28421630	GCF_027887145.1	GCF_027887145.1_bAmmCau1.pri_genomic.fna	6.1e-09	1.0	1.043e-08	1,10,11,12,13,14,15,16,17,18,19,2,20,21,22,23,24,25,26,27,28,29,3,30,31,32,33,34,35,36,37,38,39,4,5,6,7,8,9,Un
294	Ammospiza_nelsoni	SAMN28421656	GCF_027579445.1	GCF_027579445.1_bAmmNel1.pri_genomic.fna	6.1e-09	1.0	1.043e-08	1,10,11,12,13,14,15,16,17,18,19,2,20,21,22,23,24,25,26,27,28,29,3,30,31,32,33,34,35,4,5,6,7,8,9,Un
295	Neoarius_graeffei	SAMN28453209	GCF_027579695.1	GCF_027579695.1_fNeoGra1.pri_genomic.fna	5.62e-09	3.0	5.55e-09	1,10,11,12,13,14,15,16,17,18,19,2,20,21,22,23,24,25,26,27,28,3,4,5,6,7,8,9,Un
296	Haemorhous_mexicanus	SAMN28453576	GCF_027477595.1	GCF_027477595.1_bHaeMex1.pri_genomic.fna	6.1e-09	1.0	1.043e-08	1,10,11,12,13,14,15,16,17,18,19,2,20,21,22,23,24,25,26,27,28,29,3,30,31,32,33,34,35,36,37,38,39,4,5,6,7,8,9,Un
297	Acridotheres_tristis	SAMN28454388	GCA_027559615.1	GCA_027559615.1_bAcrTri1.pri_genomic.fna	6.68e-09	3.0	1.043e-08	1,10,11,12,13,14,15,16,17,18,19,2,20,21,22,23,24,25,26,27,28,29,3,30,31,32,33,34,35,36,37,4,5,6,7,8,9,Un
298	Falco_cherrug	SAMN28688204	GCF_023634085.1	GCF_023634085.1_bFalChe1.pri_genomic.fna	6.68e-09	3.0	1.043e-08	1,10,11,12,13,14,15,16,17,18,19,2,20,21,22,3,4,5,6,7,8,9,Un
299	Falco_biarmicus	SAMN28688289	GCF_023638135.1	GCF_023638135.1_bFalBia1.pri_genomic.fna	6.68e-09	3.0	1.043e-08	1,10,11,12,13,14,15,16,17,18,19,2,20,21,22,3,4,5,6,7,8,9,Un
300	Falco_peregrinus	SAMN28688290	GCF_023634155.1	GCF_023634155.1_bFalPer1.pri_genomic.fna	6.68e-09	3.0	1.043e-08	1,10,11,12,13,14,15,16,17,18,19,2,20,21,3,4,5,6,7,8,9,Un
301	Pseudorasbora_parva	SAMN28772710	GCF_024679245.1	GCF_024679245.1_ASM2467924v1_genomic.fna	5.62e-09	3.0	5.55e-09	1,10,11,12,13,14,15,16,17,18,19,2,20,21,22,23,24,25,3,4,5,6,7,8,9,Un
303	Setophaga_petechia	SAMN29044059	GCA_024362935.1	GCA_024362935.1_bSetPet1.0.p_genomic.fna	6.1e-09	1.0	1.043e-08	Un
304	Perognathus_longimembris	SAMN29044251	GCA_024363575.2	GCA_024363575.2_mPerLon1.1.hap1_genomic.fna	5.81875e-09	0.66	8.36e-09	Un
305	Peromyscus_maniculatus_sonoriensis	SAMN29044276	GCA_026229955.1	GCA_026229955.1_mPerMan1.0.p_genomic.fna	5.81875e-09	0.66	8.36e-09	Un
306	Dipodomys_merriami	SAMN29046532	GCA_024711535.1	GCA_024711535.1_mDipMer1.0.p_genomic.fna	5.81875e-09	0.66	8.36e-09	Un
307	Phrynosoma_blainvillii	SAMN29046554	GCA_026167975.1	GCA_026167975.1_rPhrBla1.0.hap2_genomic.fna	1.43e-08	2.0	1.241e-08	Un
308	Ursus_americanus	SAMN29046565	GCA_024610735.1	GCA_024610735.1_mUrsAme1.0.p_genomic.fna	8.4e-09	12.5	8.36e-09	Un
309	Elephas_maximus_indicus	SAMN29174328	GCF_024166365.1	GCF_024166365.1_mEleMax1_primary_haplotype_genomic.fna	9.18e-09	2.5	8.36e-09	1,10,11,12,13,14,15,16,17,18,19,2,20,21,22,23,24,25,26,27,3,4,5,6,7,8,9,Un
310	Chrysolophus_pictus	SAMN29628500	GCA_037305975.1	GCA_037305975.1_CPswu_hap2_genomic.fna	3.62e-09	2.0	1.043e-08	1,10,11,12,13,14,15,16,17,18,19,2,20,21,22,23,24,25,26,27,28,29,3,30,31,32,33,34,35,36,37,38,4,5,6,7,8,9,Un
311	Mesoplodon_densirostris	SAMN29828597	GCF_025265405.1	GCF_025265405.1_mMesDen1_primary_haplotype_genomic.fna	8.83e-09	20.0	8.36e-09	1,10,11,12,13,14,15,16,17,18,19,2,20,3,4,5,6,7,8,9,Un
312	Symphalangus_syndactylus	SAMN30216103	GCF_028878055.3	GCF_028878055.3_NHGRI_mSymSyn1-v2.1_pri_genomic.fna	7.05e-09	8.0	8.36e-09	1,10,11,12,13,14,15,16,17,18,19,2,20,21,22,23,24,3,4,5,6,7,8,9
313	Pan_troglodytes	SAMN30216104	GCF_028858775.2	GCF_028858775.2_NHGRI_mPanTro3-v2.0_pri_genomic.fna	1.1628e-08	25.0	8.36e-09	1,10,11,12,13,14,15,16,17,18,19,2,20,21,22,23,3,4,5,6,7,8,9
314	Antrozous_pallidus	SAMN30225125	GCA_027563665.1	GCA_027563665.1_DD_ASM_mAP_20210503_genomic.fna	8.1e-09	5.0	8.36e-09	1,10,11,12,13,14,15,16,17,18,19,2,20,21,22,23,3,4,5,6,7,8,9,Un
315	Plestiodon_gilberti_rubricaudatus	SAMN30523592	GCA_026170595.1	GCA_026170595.1_rPleGil1.0.hap2_genomic.fna	2.54e-08	2.0	1.241e-08	Un
316	Melanerpes_formicivorus	SAMN30523671	GCF_026170545.1	GCF_026170545.1_bMelFor1.0.p_v2_genomic.fna	9.79e-10	4.0	1.043e-08	Un
317	Cyanocitta_stelleri	SAMN30523672	GCA_026167965.1	GCA_026167965.1_bCyaSte1.0.p_genomic.fna	6.68e-09	3.0	1.043e-08	Un
318	Myotis_yumanensis	SAMN30526064	GCA_028538775.1	GCA_028538775.1_mMyoYum1.0.hap1_genomic.fna	8.1e-09	5.0	8.36e-09	Un
319	Puma_concolor	SAMN30567381	GCA_028749965.3	GCA_028749965.3_mPumCon1.1.hap2_genomic.fna	6.045e-09	3.0	8.36e-09	A1,A2,A3,B1,B2,B3,B4,C1,C2,D1,D2,D3,D4,E1,E2,E3,F1,F2,Un
320	Nomascus_leucogenys	SAMN30617509	GCA_030221915.1	GCA_030221915.1_ASM3022191v1_genomic.fna	7.05e-09	8.0	8.36e-09	Un
321	Macaca_mulatta	SAMN30617510	GCA_030222105.1	GCA_030222105.1_AG07107_MMU_hifiasm-v0.15.2.pri_genomic.fna	6.749999999999999e-09	10.0	8.36e-09	Un
322	Aotus_nancymaae	SAMN30617512	GCF_030222135.1	GCF_030222135.1_86718_ANA_hifiasm-v0.15.2.pri_genomic.fna	8.14e-09	6.0	8.36e-09	Un
323	Otocolobus_manul	SAMN31076064	GCA_028564725.2	GCA_028564725.2_OtoMan_p1.0_genomic.fna	6.045e-09	3.0	8.36e-09	A1,A2,A3,B1,B2,B3,B4,C1,C2,D1,D2,D3,D4,E1,E2,E3,F1,F2,Un
324	Malaclemys_terrapin_pileata	SAMN31394215	GCF_027887155.1	GCF_027887155.1_rMalTer1.hap1_genomic.fna	6.68e-09	3.0	1.241e-08	1,10,11,12,13,14,15,16,17,18,19,2,20,21,22,23,24,25,3,4,5,6,7,8,9,Un
325	Harpia_harpyja	SAMN31530492	GCF_026419915.1	GCF_026419915.1_bHarHar1_primary_haplotype_genomic.fna	2.61e-09	11.0	1.043e-08	1,10,11,12,13,14,15,16,17,18,19,2,20,21,22,23,24,25,26,27,28,3,4,5,6,7,8,9,Un
326	Gila_orcuttii	SAMN31536034	GCA_026230005.1	GCA_026230005.1_fGilOrc1.0.hap1_genomic.fna	5.62e-09	3.0	5.55e-09	Un
327	Eucyclogobius_newberryi	SAMN31536049	GCA_026437355.1	GCA_026437355.1_fEucNew1.0.hap2_genomic.fna	7.36e-09	1.0	5.55e-09	Un
328	Corynorhinus_townsendii	SAMN31536067	GCA_026230045.1	GCA_026230045.1_mCorTow1.0.hap2_genomic.fna	8.1e-09	5.0	8.36e-09	Un
329	Hemicordylus_capensis	SAMN31669488	GCF_027244095.1	GCF_027244095.1_rHemCap1.1.pri_genomic.fna	2.54e-08	2.0	1.241e-08	1,10,11,12,13,14,15,16,17,2,3,4,5,6,7,8,9,Un
330	Kogia_breviceps	SAMN31719513	GCF_026419965.1	GCF_026419965.1_mKogBre1_haplotype_1_genomic.fna	8.83e-09	20.0	8.36e-09	1,10,11,12,13,14,15,16,17,18,19,2,20,3,4,5,6,7,8,9,Un
331	Podargus_strigoides	SAMN31801959	GCA_028020825.1	GCA_028020825.1_bPodStr1.pri_genomic.fna	6.68e-09	3.0	1.043e-08	1,10,11,12,13,14,15,16,17,18,19,2,20,21,22,23,24,25,26,27,28,29,3,30,31,32,33,34,35,36,37,38,39,4,40,41,42,43,5,6,7,8,9,Un
332	Monodelphis_domestica	SAMN31801966	GCF_027887165.1	GCF_027887165.1_mMonDom1.pri_genomic.fna	4.601e-09	1.0	8.36e-09	1,2,3,4,5,6,7,8
333	Neofelis_nebulosa	SAMN31801981	GCF_028018385.1	GCF_028018385.1_mNeoNeb1.pri_genomic.fna	6.99e-09	4.0	8.36e-09	1,10,11,12,13,14,15,16,17,18,2,3,4,5,6,7,8,9,Un
334	Odontesthes_bonariensis	SAMN31802211	GCA_027942865.1	GCA_027942865.1_fOdoBon6.hap1_genomic.fna	8.2e-09	0.6	5.55e-09	1,10,11,12,13,14,15,16,17,18,19,2,20,21,22,23,24,3,4,5,6,7,8,9,Un
335	Emys_orbicularis	SAMN31805221	GCF_028017835.1	GCF_028017835.1_rEmyOrb1.hap1_genomic.fna	6.68e-09	3.0	1.241e-08	1,10,11,12,13,14,15,16,17,18,19,2,20,21,22,23,24,25,3,4,5,6,7,8,9,Un
336	Gastrophryne_carolinensis	SAMN31805274	GCA_027917425.1	GCA_027917425.1_aGasCar1.pri_genomic.fna	7.76e-10	0.66	7.76e-10	1,10,11,2,3,4,5,6,7,8,9,Un
337	Microtus_californicus	SAMN31837211	GCA_028537955.1	GCA_028537955.1_mMicCal1.0.hap1_genomic.fna	5.81875e-09	0.66	8.36e-09	Un
338	Aphelocoma_californica	SAMN31837216	GCA_028536675.1	GCA_028536675.1_bAphCal1.0.hap1_genomic.fna	6.68e-09	3.0	1.043e-08	Un
339	Rissa_tridactyla	SAMN32104255	GCF_028500815.1	GCF_028500815.1_bRisTri1.patW.cur.20221130_genomic.fna	8.72e-09	12.0	1.043e-08	1,10,11,12,13,14,15,16,17,18,19,2,20,21,22,23,24,25,26,27,28,29,3,30,4,5,6,7,8,9,Un
340	Dendropsophus_ebraccatus	SAMN32145295	GCA_027789765.1	GCA_027789765.1_aDenEbr1.pat_genomic.fna	7.76e-10	0.66	7.76e-10	1,10,11,12,13,14,15,2,3,4,5,6,7,8,9,Un
341	Cynocephalus_volans	SAMN32206947	GCF_027409185.1	GCF_027409185.1_mCynVol1.pri_genomic.fna	9.4e-09	8.5	8.36e-09	1,10,11,12,13,14,15,16,17,18,2,3,4,5,6,7,8,9,Un
342	Scomber_japonicus	SAMN32224830	GCF_027409825.1	GCF_027409825.1_fScoJap1.pri_genomic.fna	7.36e-09	1.0	5.55e-09	1,10,11,12,13,14,15,16,17,18,19,2,20,21,22,23,24,3,4,5,6,7,8,9,Un
343	Gypaetus_barbatus	SAMN32256411	GCA_028022735.1	GCA_028022735.1_bGypBar2.pri_genomic.fna	2.61e-09	11.0	1.043e-08	1,10,11,12,13,14,15,16,17,18,19,2,20,21,22,23,24,25,26,27,28,29,3,4,5,6,7,8,9,Un
344	Pangasianodon_hypophthalmus	SAMN32348883	GCF_027358585.1	GCF_027358585.1_fPanHyp1.pri_genomic.fna	5.62e-09	3.0	5.55e-09	1,10,11,12,13,14,15,16,17,18,19,2,20,21,22,23,24,25,26,27,28,29,3,30,4,5,6,7,8,9,Un
345	Erethizon_dorsatum	SAMN32359106	GCA_028451465.1	GCA_028451465.1_mEreDor1.pri_genomic.fna	8.72e-09	1.0	8.36e-09	1,10,11,12,13,14,15,16,17,18,19,2,20,3,4,5,6,7,8,9,Un
346	Sorex_araneus	SAMN32477717	GCF_027595985.1	GCF_027595985.1_mSorAra2.pri_genomic.fna	4.7e-09	4.0	8.36e-09	1,10,11,2,3,4,5,6,7,8,9,Un
347	Rhea_pennata	SAMN32606345	GCF_028389875.1	GCF_028389875.1_bPtePen1.pri_genomic.fna	3.97e-08	3.0	1.043e-08	1,10,11,12,13,14,15,16,17,18,19,2,20,21,22,23,24,25,26,27,28,29,3,30,31,32,33,34,35,36,37,38,39,4,5,6,7,8,9,Un
348	Euleptes_europaea	SAMN32622440	GCF_029931775.1	GCF_029931775.1_rEulEur1.hap1_genomic.fna	1.36e-08	1.5	1.241e-08	1,10,11,12,13,14,15,16,17,18,19,2,20,21,3,4,5,6,7,8,9,Un
349	Balaenoptera_ricei	SAMN32629060	GCF_028023285.1	GCF_028023285.1_mBalRic1.hap2_genomic.fna	8.83e-09	20.0	8.36e-09	1,10,11,12,13,14,15,16,17,18,19,2,20,21,3,4,5,6,7,8,9,Un
350	Eschrichtius_robustus	SAMN32629250	GCA_028021215.1	GCA_028021215.1_mEscRob2.pri_genomic.fna	8.83e-09	20.0	8.36e-09	1,10,11,12,13,14,15,16,17,18,19,2,20,21,3,4,5,6,7,8,9,Un
351	Hyla_sarda	SAMN32629340	GCF_029499605.1	GCF_029499605.1_aHylSar1.hap1_genomic.fna	7.76e-10	0.66	7.76e-10	1,10,11,12,13,2,3,4,5,6,7,8,9,Un
352	Lycodopsis_pacificus	SAMN32629383	GCA_028022725.1	GCA_028022725.1_fLycPai1.hap2_genomic.fna	4.36e-09	1.5	5.55e-09	1,10,11,12,13,14,15,16,17,18,19,2,20,21,22,23,24,3,4,5,6,7,8,9,Un
354	Erythrolamprus_reginae	SAMN32631248	GCA_031021105.1	GCA_031021105.1_rEryReg1.hap1_genomic.fna	2.54e-08	2.0	1.241e-08	1,10,11,12,13,2,3,4,5,6,7,8,9,Un
355	Dasypus_novemcinctus	SAMN32738980	GCA_030445035.2	GCA_030445035.2_mDasNov1.1.hap2_genomic.fna	9.18e-09	2.5	8.36e-09	1,10,11,12,13,14,15,16,17,18,19,2,20,21,22,23,24,25,26,27,28,29,3,30,31,4,5,6,7,8,9,Un
356	Pseudopipra_pipra	SAMN32739894	GCF_036250125.1	GCF_036250125.1_bDixPip1.hap1_genomic.fna	6.68e-09	3.0	1.043e-08	1,10,11,12,13,14,15,16,17,18,19,2,20,21,22,23,24,25,26,27,28,29,3,30,31,4,5,6,7,8,9,Un
357	Liasis_olivaceus	SAMN32739907	GCA_030867105.1	GCA_030867105.1_rLiaOli1.hap1_genomic.fna	2.54e-08	2.0	1.241e-08	1,10,11,12,13,14,15,16,17,2,3,4,5,6,7,8,9,Un
358	Hoplias_malabaricus	SAMN32740525	GCF_029633855.1	GCF_029633855.1_fHopMal1.hap1_genomic.fna	5.62e-09	3.0	5.55e-09	1,10,11,12,13,14,15,16,17,18,2,3,4,5,6,7,8,9,Un
359	Hypanus_sabinus	SAMN32745077	GCF_030144855.1	GCF_030144855.1_sHypSab1.hap1_genomic.fna	5.81875e-09	0.66	5.55e-09	1,10,11,12,13,14,15,16,17,18,19,2,20,21,22,23,24,25,26,27,28,29,3,30,31,32,4,5,6,7,8,9,Un
360	Mobula_birostris	SAMN32746370	GCA_030035685.1	GCA_030035685.1_sMobBir1.hap2_genomic.fna	5.81875e-09	0.66	5.55e-09	1,10,11,12,13,14,15,16,17,18,19,2,20,21,22,23,24,25,26,27,28,29,3,30,31,32,4,5,6,7,8,9,Un
361	Eubalaena_glacialis	SAMN32746534	GCF_028564815.1	GCF_028564815.1_mEubGla1.1.hap2._XY_genomic.fna	8.83e-09	20.0	8.36e-09	1,10,11,12,13,14,15,16,17,18,19,2,20,3,4,5,6,7,8,9,Un
362	Trichomycterus_rosablanca	SAMN32755940	GCF_030014385.1	GCF_030014385.1_fTriRos1.hap1_genomic.fna	5.62e-09	3.0	5.55e-09	1,10,11,12,13,14,15,16,17,18,19,2,20,21,22,23,24,25,26,27,3,4,5,6,7,8,9,Un
363	Loxodonta_africana	SAMN32756554	GCF_030014295.1	GCF_030014295.1_mLoxAfr1.hap2_genomic.fna	9.18e-09	2.5	8.36e-09	1,10,11,12,13,14,15,16,17,18,19,2,20,21,22,23,24,25,26,27,3,4,5,6,7,8,9,Un
364	Manis_pentadactyla	SAMN32757332	GCF_030020395.1	GCF_030020395.1_mManPen7.hap1_genomic.fna	4.64e-09	1.0	8.36e-09	1,10,11,12,13,14,15,16,17,18,19,2,3,4,5,6,7,8,9,Un
365	Grus_americana	SAMN32775697	GCF_028858705.1	GCF_028858705.1_bGruAme1.mat_genomic.fna	6.68e-09	3.0	1.043e-08	1,10,11,12,13,14,15,16,17,18,19,2,20,21,22,23,24,25,26,27,28,29,3,30,31,32,33,34,35,36,37,38,39,4,5,6,7,8,9,Un
366	Inia_geoffrensis	SAMN32797734	GCA_036417435.1	GCA_036417435.1_mIniGeo1.hap1_genomic.fna	8.83e-09	20.0	8.36e-09	1,10,11,12,13,14,15,16,17,18,19,2,20,21,3,4,5,6,7,8,9,Un
367	Ara_ararauna	SAMN33059336	GCA_028858755.1	GCA_028858755.1_bAraAra1.hap1_genomic.fna	1e-08	15.0	1.043e-08	1,10,11,12,13,14,15,16,17,18,19,2,20,21,22,23,24,25,26,27,28,29,3,30,31,32,33,34,4,5,6,7,8,9,Un
368	Heterohyrax_brucei	SAMN33092455	GCA_028571685.1	GCA_028571685.1_mHetBru1.pri_genomic.fna	9.18e-09	2.5	8.36e-09	1,10,11,12,13,14,15,16,17,18,19,2,20,21,22,23,24,25,26,3,4,5,6,7,8,9,Un
369	Dugong_dugon	SAMN33212336	GCA_030035585.1	GCA_030035585.1_mDugDug1.hap1_genomic.fna	9.18e-09	2.5	8.36e-09	1,10,11,12,13,14,15,16,17,18,19,2,20,21,22,23,3,4,5,6,7,8,9,Un
370	Colius_striatus	SAMN33339572	GCF_028858725.1	GCF_028858725.1_bColStr4.1.hap1_genomic.fna	9.79e-10	4.0	1.043e-08	1,10,11,12,13,14,15,16,17,18,19,2,20,21,22,23,24,25,26,27,28,29,3,30,4,5,6,7,8,9,Un
371	Hippopotamus_amphibius_kiboko	SAMN33342074	GCF_030028045.1	GCF_030028045.1_mHipAmp2.hap2_genomic.fna	8.83e-09	20.0	8.36e-09	1,10,11,12,13,14,15,16,17,2,3,4,5,6,7,8,9,Un
372	Chamaea_fasciata	SAMN33386005	GCF_029207755.1	GCF_029207755.1_bChaFas1.0.hap1_genomic.fna	5.19e-09	2.0	1.043e-08	Un
373	Pituophis_catenifer_annectens	SAMN33386007	GCA_029215685.1	GCA_029215685.1_rPitCat1.0.hap2_genomic.fna	2.54e-08	2.0	1.241e-08	Un
374	Mirounga_angustirostris	SAMN33386026	GCF_029215605.1	GCF_029215605.1_mMirAng1.0.hap1_genomic.fna	6.78e-09	9.0	8.36e-09	Un
375	Anniella_stebbinsi	SAMN33386066	GCA_029215795.1	GCA_029215795.1_rAnnSte1.0.hap2_genomic.fna	1.43e-08	2.0	1.241e-08	Un
376	Spea_hammondii	SAMN33386125	GCA_029215755.1	GCA_029215755.1_aSpeHam1.0.hap2_genomic.fna	7.76e-10	0.66	7.76e-10	Un
377	Lampris_incognitus	SAMN34060140	GCF_029633865.1	GCF_029633865.1_fLamInc1.hap2_genomic.fna	7.36e-09	1.0	5.55e-09	1,10,11,12,13,14,15,16,17,18,19,2,20,21,3,4,5,6,7,8,9,Un
378	Rhinichthys_osculus	SAMN34081523	GCA_029959095.1	GCA_029959095.1_fRhiOsc1.0.hap1_genomic.fna	5.62e-09	3.0	5.55e-09	Un
379	Rhineura_floridana	SAMN34105704	GCF_030035675.1	GCF_030035675.1_rRhiFlo1.hap2_genomic.fna	2.54e-08	2.0	1.241e-08	1,10,11,12,13,14,15,16,17,18,19,2,20,21,22,3,4,5,6,7,8,9,Un
380	Gavialis_gangeticus	SAMN34116453	GCA_030020295.1	GCA_030020295.1_rGavGan2.hap2_genomic.fna	6.68e-09	3.0	1.241e-08	1,10,11,12,13,14,15,16,2,3,4,5,6,7,8,9,Un
381	Poecile_atricapillus	SAMN35074507	GCF_030490865.1	GCF_030490865.1_bPoeAtr1.hap1_genomic.fna	5.19e-09	2.0	1.043e-08	1,10,11,12,13,14,15,16,17,18,19,2,20,21,22,23,24,25,26,27,28,29,3,30,31,32,33,34,35,36,37,38,39,4,5,6,7,8,9,Un
382	Tadarida_brasiliensis	SAMN35075070	GCA_030848825.1	GCA_030848825.1_DD_mTadBra1_pri_genomic.fna	8.1e-09	5.0	8.36e-09	1,10,11,12,13,14,15,16,17,18,19,2,20,21,22,23,3,4,5,6,7,8,9,Un
383	Salminus_brasiliensis	SAMN35075251	GCA_030463535.1	GCA_030463535.1_fSalBra1.hap2_genomic.fna	5.62e-09	3.0	5.55e-09	1,10,11,12,13,14,15,16,17,18,19,2,20,21,22,23,24,25,3,4,5,6,7,8,9,Un
384	Cyclura_pinguis	SAMN35151422	GCA_030412105.1	GCA_030412105.1_rCycPin1.hap1_genomic.fna	1.43e-08	2.0	1.241e-08	1,10,11,12,13,14,15,16,17,2,3,4,5,6,7,8,9,Un
385	Strix_occidentalis	SAMN35669201	GCA_030819815.1	GCA_030819815.1_bStriOcc1.0.hap2_genomic.fna	9.79e-10	4.0	1.043e-08	Un
386	Aquila_chrysaetos	SAMN35669231	GCA_030820595.1	GCA_030820595.1_bAquChr2.0.hap2_genomic.fna	2.61e-09	11.0	1.043e-08	Un
387	Masticophis_lateralis	SAMN35735684	GCA_030761175.1	GCA_030761175.1_rMasLat1.0.hap2_genomic.fna	2.54e-08	2.0	1.241e-08	Un
388	Pelecanus_crispus	SAMN35784560	GCA_030463565.1	GCA_030463565.1_bPelCri1.pri_genomic.fna	9.12e-09	8.0	1.043e-08	1,10,11,12,13,14,15,16,17,18,19,2,20,21,22,23,24,25,26,27,28,29,3,30,31,32,4,5,6,7,8,9,Un
389	Passerculus_sandwichensis	SAMN35784765	GCA_031885435.1	GCA_031885435.1_bPasSan2.pri_genomic.fna	6.1e-09	1.0	1.043e-08	1,10,11,12,13,14,15,16,17,18,19,2,20,21,22,23,24,25,26,27,28,29,3,30,31,32,33,34,35,36,37,38,39,4,5,6,7,8,9,Un
390	Ochotona_princeps	SAMN35822658	GCF_030435755.1	GCF_030435755.1_mOchPri1.hap1_genomic.fna	5.81875e-09	0.66	8.36e-09	1,10,11,12,13,14,15,16,17,18,19,2,20,21,22,23,24,25,26,27,28,29,3,30,31,32,33,4,5,6,7,8,9,Un
391	Stegostoma_tigrinum	SAMN35823397	GCF_030684315.1	GCF_030684315.1_sSteTig4.hap1_genomic.fna	5.81875e-09	0.66	5.55e-09	1,10,11,12,13,14,15,16,17,18,19,2,20,21,22,23,24,25,26,27,28,29,3,30,31,32,33,34,35,36,37,38,39,4,40,41,42,43,44,45,46,47,48,49,5,50,6,7,8,9,Un
392	Gambelia_wislizenii	SAMN35845454	GCA_030847615.1	GCA_030847615.1_rGamWis1.0.hap2_genomic.fna	1.43e-08	2.0	1.241e-08	Un
393	Melospiza_melodia_melodia	SAMN35847297	GCF_035770615.1	GCF_035770615.1_bMelMel2.pri_genomic.fna	6.1e-09	1.0	1.043e-08	1,10,11,12,13,14,15,16,17,18,19,2,20,21,22,23,24,25,26,27,28,29,3,30,31,4,5,6,7,8,9,Un
394	Hipposideros_larvatus	SAMN36277597	GCA_031876335.1	GCA_031876335.1_mHipLar1.pri_genomic.fna	8.1e-09	5.0	8.36e-09	1,10,11,12,13,14,15,16,17,2,3,4,5,6,7,8,9,Un
395	Oreortyx_pictus	SAMN36356471	GCA_036925125.1	GCA_036925125.1_bOrePic1.0.hap1_genomic.fna	3.62e-09	2.0	1.043e-08	Un
396	Sebastes_paucispinis	SAMN36697770	GCA_036937225.1	GCA_036937225.1_fSebPau1.0.hap1_genomic.fna	4.36e-09	1.5	5.55e-09	Un
397	Moxostoma_hubbsi	SAMN36900062	GCA_032164185.1	GCA_032164185.1_fMoxHub1_p1.0_genomic.fna	5.62e-09	3.0	5.55e-09	Un
398	Sistrurus_catenatus	SAMN36900204	GCA_039880765.1	GCA_039880765.1_rSisCat1_p1.0_genomic.fna	2.54e-08	2.0	1.241e-08	1,10,11,12,13,14,15,16,17,2,3,4,5,6,7,8,9,Un
399	Leuresthes_tenuis	SAMN36908943	GCA_036924055.1	GCA_036924055.1_fLeuTen1.0.hap2_genomic.fna	8.2e-09	0.6	5.55e-09	Un
400	Leptoclinus_maculatus	SAMN36917319	GCA_032191485.1	GCA_032191485.1_fLepMac1_p1.0_genomic.fna	4.36e-09	1.5	5.55e-09	Un
401	Lycaon_pictus	SAMN36939365	GCA_040955705.1	GCA_040955705.1_LycPic1.final.hap2_genomic.fna	8.68e-09	2.0	8.36e-09	1,10,11,12,13,14,15,16,17,18,19,2,20,21,22,23,24,25,26,27,28,29,3,30,31,32,33,34,35,36,37,38,4,5,6,7,8,9,Un
402	Eumetopias_jubatus	SAMN36942433	GCA_037043125.1	GCA_037043125.1_mEumJub1_p1.0_genomic.fna	6.78e-09	9.0	8.36e-09	Un
403	Coluber_constrictor_foxii	SAMN36942437	GCA_038048745.1	GCA_038048745.1_rColCon1_p1.0_genomic.fna	2.54e-08	2.0	1.241e-08	1,10,11,12,13,14,15,16,17,18,19,2,3,4,5,6,7,8,9,Un
404	Glyptemys_insculpta	SAMN36942438	GCA_032172135.1	GCA_032172135.1_rGlyIns1_p1.0_genomic.fna	6.68e-09	3.0	1.241e-08	Un
405	Emydoidea_blandingii	SAMN36942439	GCA_036785055.1	GCA_036785055.1_rEmyBla1_p1.0_genomic.fna	6.68e-09	3.0	1.241e-08	Un
406	Sternotherus_odoratus	SAMN36942441	GCA_032164245.1	GCA_032164245.1_rSteOdo2_p1.0_genomic.fna	6.68e-09	3.0	1.241e-08	Un
407	Malacoraja_senta	SAMN36942444	GCA_038087875.1	GCA_038087875.1_sMalSen1_p1.0_genomic.fna	5.81875e-09	0.66	5.55e-09	1,10,11,12,13,14,15,16,17,18,19,2,20,21,22,23,24,25,26,3,4,5,6,7,8,9,Un
408	Pantherophis_vulpinus	SAMN36942445	GCA_037215915.1	GCA_037215915.1_rPanGlo1_p1.0_genomic.fna	2.54e-08	2.0	1.241e-08	Un
409	Alligator_mississippiensis	SAMN37045233	GCF_030867095.1	GCF_030867095.1_rAllMis1_genomic.fna	6.68e-09	3.0	1.241e-08	1,10,11,12,13,14,15,16,2,3,4,5,6,7,8,9,Un
410	Macrochelys_suwanniensis	SAMN37052244	GCA_033296515.1	GCA_033296515.1_rMacSuw1.hap1_genomic.fna	6.68e-09	3.0	1.241e-08	1,10,11,12,13,14,15,16,17,18,19,2,20,21,22,23,24,25,26,3,4,5,6,7,8,9,Un
411	Opisthocomus_hoazin	SAMN37055462	GCA_030867145.1	GCA_030867145.1_bOpiHoa1.hap1_genomic.fna	6.68e-09	3.0	1.043e-08	1,10,11,12,13,14,15,16,17,18,19,2,20,21,22,23,24,25,26,27,28,29,3,30,31,32,33,34,35,36,37,38,39,4,5,6,7,8,9,Un
412	Leptodactylus_fuscus	SAMN37055805	GCA_031893025.1	GCA_031893025.1_aLepFus1.hap1_genomic.fna	7.76e-10	0.66	7.76e-10	1,10,11,2,3,4,5,6,7,8,9,Un
413	Strix_aluco	SAMN37055808	GCA_031877785.1	GCA_031877785.1_bStrAlu1.hap2_genomic.fna	9.79e-10	4.0	1.043e-08	1,10,11,12,13,14,15,16,17,18,19,2,20,21,22,23,24,25,26,27,28,29,3,30,31,32,33,34,35,36,37,38,39,4,5,6,7,8,9,Un
414	Morus_bassanus	SAMN37096299	GCA_031468815.1	GCA_031468815.1_bMorBas2.hap2_genomic.fna	9.12e-09	8.0	1.043e-08	1,10,11,12,13,14,15,16,17,18,19,2,20,21,22,23,24,25,26,27,28,29,3,30,31,32,33,4,5,6,7,8,9,Un
415	Gavia_stellata	SAMN37096312	GCF_030936135.1	GCF_030936135.1_bGavSte3.hap2_genomic.fna	9.12e-09	8.0	1.043e-08	1,10,11,12,13,14,15,16,17,18,19,2,20,21,22,23,24,25,26,27,28,29,3,30,31,32,33,34,35,36,37,38,39,4,40,41,42,43,5,6,7,8,9,Un
416	Tapirus_indicus	SAMN37096863	GCA_031878705.1	GCA_031878705.1_mTapInd1.hap2_genomic.fna	4.8e-09	8.0	8.36e-09	1,10,11,12,13,14,15,16,17,18,19,2,20,21,22,23,24,25,3,4,5,6,7,8,9,Un
417	Pelodytes_ibericus	SAMN37110875	GCA_036172775.1	GCA_036172775.1_aPelIbe1.hap1_genomic.fna	7.76e-10	0.66	7.76e-10	Un
418	Candoia_aspera	SAMN37159891	GCF_035149785.1	GCF_035149785.1_rCanAsp1.hap2_genomic.fna	2.54e-08	2.0	1.241e-08	1,10,11,12,13,14,15,16,17,18,2,3,4,5,6,7,8,9,Un
419	Heliangelus_exortis	SAMN37253778	GCA_036169615.1	GCA_036169615.1_bHelExo1.hap1_genomic.fna	6.68e-09	3.0	1.043e-08	1,10,11,12,13,14,15,16,17,18,19,2,20,21,22,23,24,25,26,27,28,29,3,30,31,4,5,6,7,8,9,Un
420	Leptosomus_discolor	SAMN37284216	GCA_034619465.1	GCA_034619465.1_bLepDis1.hap2_genomic.fna	9.79e-10	4.0	1.043e-08	1,10,11,12,13,14,15,16,17,18,19,2,20,21,22,23,24,25,26,27,28,3,4,5,6,7,8,9,Un
421	Saccopteryx_bilineata	SAMN37288508	GCF_036850765.1	GCF_036850765.1_mSacBil1_pri_phased_curated_genomic.fna	8.1e-09	5.0	8.36e-09	1,10,11,12,2,3,4,5,6,7,8,9,Un
422	Thomomys_bottae	SAMN37300244	GCA_031878665.1	GCA_031878665.1_mThoBot2.hap2_genomic.fna	5.81875e-09	0.66	8.36e-09	1,10,11,12,13,14,15,16,17,18,19,2,20,21,22,23,24,25,26,27,28,29,3,30,31,32,33,34,35,36,37,38,4,5,6,7,8,9,Un
423	Tiliqua_scincoides	SAMN37319749	GCF_035046505.1	GCF_035046505.1_rTilSci1.hap2_genomic.fna	2.54e-08	2.0	1.241e-08	1,10,11,12,13,14,15,16,2,3,4,5,6,7,8,9,Un
424	Saccopteryx_leptura	SAMN37390139	GCF_036850995.1	GCF_036850995.1_mSacLep1_pri_phased_curated_genomic.fna	8.1e-09	5.0	8.36e-09	1,10,11,12,13,2,3,4,5,6,7,8,9,Un
425	Chiloscyllium_plagiosum	SAMN37669969	GCA_037043375.1	GCA_037043375.1_Cpla_swu_hap1_genomic.fna	5.81875e-09	0.66	5.55e-09	Un
426	Cololabis_saira	SAMN37790936	GCA_040207315.1	GCA_040207315.1_fColSai1.2.hap1_genomic.fna	8.2e-09	0.6	5.55e-09	1,10,11,12,13,14,15,16,17,18,19,2,20,21,22,23,24,3,4,5,6,7,8,9,Un
427	Lithobates_pipiens	SAMN37797016	GCA_037367395.1	GCA_037367395.1_aLitPip1_p1.0_genomic.fna	7.76e-10	0.66	7.76e-10	Un
428	Pantherophis_spiloides	SAMN37797017	GCA_037575465.1	GCA_037575465.1_rPanSpi1_p1.0_genomic.fna	2.54e-08	2.0	1.241e-08	Un
429	Chrysemys_picta_marginata	SAMN37797018	GCA_037418315.1	GCA_037418315.1_rChrPic1_p1.0_genomic.fna	6.68e-09	3.0	1.241e-08	Un
430	Graptemys_geographica	SAMN37797019	GCA_037349215.1	GCA_037349215.1_rGraGeo1_p1.0_genomic.fna	6.68e-09	3.0	1.241e-08	Un
431	Chelydra_serpentina	SAMN37797020	GCA_037349315.1	GCA_037349315.1_rCheSer1_p1.0_genomic.fna	6.68e-09	3.0	1.241e-08	Un
432	Chrysemys_picta_bellii	SAMN37797021	GCA_037349265.1	GCA_037349265.1_rChrPic2_p1.0_genomic.fna	6.68e-09	3.0	1.241e-08	Un
433	Phoxinus_phoxinus	SAMN37908444	GCA_037504845.1	GCA_037504845.1_fPhoPho.hap2_genomic.fna	5.62e-09	3.0	5.55e-09	1,10,11,12,13,14,15,16,17,18,19,2,20,21,22,23,24,25,3,4,5,6,7,8,9,Un
434	Carcharodon_carcharias	SAMN38285717	GCA_036900835.1	GCA_036900835.1_sCarCar3.0.hap2_genomic.fna	5.81875e-09	0.66	5.55e-09	Un
435	Columba_livia	SAMN38891892	GCF_036013475.1	GCF_036013475.1_bColLiv1.pat.W.v2_genomic.fna	6.68e-09	3.0	1.043e-08	1,10,11,12,13,14,15,16,17,18,19,2,20,21,22,23,24,25,26,27,28,29,3,30,31,32,33,34,35,36,37,38,39,4,5,6,7,8,9,Un
436	Heptranchias_perlo	SAMN38891902	GCF_035084215.1	GCF_035084215.1_sHepPer1.hap1_genomic.fna	5.81875e-09	0.66	5.55e-09	1,10,11,12,13,14,15,16,17,18,19,2,20,21,22,23,24,25,26,27,28,29,3,30,31,32,33,34,35,36,37,38,39,4,40,41,42,43,44,45,5,6,7,8,9,Un
437	Eleutherodactylus_coqui	SAMN39150572	GCF_035609145.1	GCF_035609145.1_aEleCoq1.hap1_genomic.fna	7.76e-10	0.66	7.76e-10	1,10,11,12,13,2,3,4,5,6,7,8,9,Un
438	Hydrolagus_colliei	SAMN39156054	GCA_035084275.1	GCA_035084275.1_sHydCol1.hap2_genomic.fna	5.81875e-09	0.66	5.55e-09	1,10,11,12,13,14,15,16,17,18,19,2,20,21,22,23,24,25,26,27,28,29,3,30,31,32,33,34,35,36,37,38,39,4,40,5,6,7,8,9,Un
439	Ammospiza_maritima_maritima	SAMN39181024	GCA_036010785.1	GCA_036010785.1_bAmmMar1.pri_genomic.fna	6.1e-09	1.0	1.043e-08	1,10,11,12,13,14,15,16,17,18,19,2,20,21,22,23,24,25,26,27,28,29,3,30,31,32,33,34,35,36,37,38,4,5,6,7,8,9,Un
440	Xenopus_petersii	SAMN39187339	GCA_038501925.1	GCA_038501925.1_aXenPet1.paternal.cur_genomic.fna	7.76e-10	0.66	7.76e-10	1L,1S,2L,2S,3L,3S,4L,4S,5L,5S,6L,6S,7L,7S,8L,8S,9_10L,9_10S,Un
441	Pelobates_fuscus	SAMN39244120	GCA_036172585.1	GCA_036172585.1_aPelFus1.hap1_genomic.fna	7.76e-10	0.66	7.76e-10	Un
442	Passer_domesticus	SAMN39255856	GCF_036417665.1	GCF_036417665.1_bPasDom1.hap1_genomic.fna	6.1e-09	1.0	1.043e-08	1,10,11,12,13,14,15,16,17,18,19,2,20,21,22,23,24,25,26,27,28,29,3,30,31,32,33,34,35,36,37,4,5,6,7,8,9,Un
443	Caloenas_nicobarica	SAMN39256628	GCF_036013445.1	GCF_036013445.1_bCalNic1.hap1_genomic.fna	6.68e-09	3.0	1.043e-08	1,10,11,12,13,14,15,16,17,18,19,2,20,21,22,23,24,25,26,27,28,29,3,30,31,32,33,34,35,36,37,38,39,4,5,6,7,8,9,Un
444	Apteryx_mantelli	SAMN39257886	GCF_036417845.1	GCF_036417845.1_bAptMan1.hap1_genomic.fna	3.97e-08	3.0	1.043e-08	1,10,11,12,13,14,15,16,17,18,19,2,20,21,22,23,24,25,26,27,28,29,3,30,31,32,33,34,35,36,37,38,39,4,40,41,42,5,6,7,8,9,Un
445	Dromaius_novaehollandiae	SAMN39262816	GCF_036370855.1	GCF_036370855.1_bDroNov1.hap1_genomic.fna	3.97e-08	3.0	1.043e-08	1,10,11,12,13,14,15,16,17,18,19,2,20,21,22,23,24,25,26,27,28,29,3,30,31,32,33,34,35,36,37,38,39,4,5,6,7,8,9,Un
446	Camelus_dromedarius	SAMN39296380	GCF_036321535.1	GCF_036321535.1_mCamDro1.pat_genomic.fna	9.44e-09	3.0	8.36e-09	1,10,11,12,13,14,15,16,17,18,19,2,20,21,22,23,24,25,26,27,28,29,3,30,31,32,33,34,35,36,4,5,6,7,8,9,Un
447	Chlamydotis_macqueenii	SAMN39296383	GCA_036418225.1	GCA_036418225.1_bChlMac1.pat_genomic.fna	6.68e-09	3.0	1.043e-08	1,10,11,12,13,14,15,16,17,18,19,2,20,21,22,23,24,25,26,27,28,29,3,30,31,32,33,34,35,36,4,5,6,7,8,9,Un
448	Equus_caballus	SAMN39296386	GCA_036426135.1	GCA_036426135.1_mEquCab1.pat_genomic.fna	4.8e-09	8.0	8.36e-09	1,10,11,12,13,14,15,16,17,18,19,2,20,21,22,23,24,25,26,27,28,29,3,30,31,4,5,6,7,8,9,Un
449	Narcine_bancroftii	SAMN39325148	GCA_036971175.1	GCA_036971175.1_sNarBan1.hap2_genomic.fna	5.81875e-09	0.66	5.55e-09	1,10,11,12,13,14,2,3,4,5,6,7,8,9,Un
450	Equus_przewalskii	SAMN39404770	GCA_037783145.1	GCA_037783145.1_EquPr2_genomic.fna	4.8e-09	8.0	8.36e-09	1,10,11,12,13,14,15,16,17,18,19,2,20,21,22,23,24,25,26,27,28,29,3,30,31,32,4,5,6,7,8,9,Un
451	Heterodontus_francisci	SAMN39432692	GCF_036365525.1	GCF_036365525.1_sHetFra1.hap1_genomic.fna	5.81875e-09	0.66	5.55e-09	1,10,11,12,13,14,15,16,17,18,19,2,20,21,22,23,24,25,26,27,28,29,3,30,31,32,33,34,35,36,37,38,39,4,40,41,42,43,44,45,46,47,48,49,5,50,6,7,8,9,Un
452	Amia_calva	SAMN39643085	GCF_036373705.1	GCF_036373705.1_fAmiCal2.hap1_genomic.fna	5.62e-09	3.0	5.55e-09	1,10,11,12,13,14,15,16,17,18,19,2,20,21,22,23,3,4,5,6,7,8,9,Un
453	Mixophyes_fleayi	SAMN39657083	GCA_038048845.1	GCA_038048845.1_aMixFle1.hap1_genomic.fna	7.76e-10	0.66	7.76e-10	1,10,11,12,2,3,4,5,6,7,8,9,Un
454	Clemmys_guttata	SAMN39710062	GCA_040208425.1	GCA_040208425.1_rCleGut1_a1.0_genomic.fna	6.68e-09	3.0	1.241e-08	Un
455	Buteo_regalis	SAMN39710063	GCA_037951015.1	GCA_037951015.1_bButReg1_p1.0_genomic.fna	2.61e-09	11.0	1.043e-08	Un
456	Marmota_vancouverensis	SAMN39710064	GCA_040207195.1	GCA_040207195.1_mMarVan1_a1.0_genomic.fna	5.81875e-09	0.66	8.36e-09	Un
457	Lithobates_septentrionalis	SAMN39710065	GCA_037952835.1	GCA_037952835.1_aLitSep1_p1.0_genomic.fna	7.76e-10	0.66	7.76e-10	Un
458	Lithobates_clamitans	SAMN39710066	GCA_037952925.1	GCA_037952925.1_aLitCla1_p1.0_genomic.fna	7.76e-10	0.66	7.76e-10	Un
459	Aquarana_catesbeiana	SAMN39710067	GCA_037953035.1	GCA_037953035.1_aLitCat1_p1.0_genomic.fna	7.76e-10	0.66	7.76e-10	Un
460	Clethrionomys_rutilus	SAMN39710068	GCA_040207285.1	GCA_040207285.1_mMyoRut1_p1.0_genomic.fna	5.81875e-09	0.66	8.36e-09	Un
461	Mergus_octosetaceus	SAMN39710078	GCA_036873955.1	GCA_036873955.1_bMerOct1.hap1_genomic.fna	7.06e-09	10.0	1.043e-08	1,10,11,12,13,14,15,16,17,18,19,2,20,21,22,23,24,25,26,27,28,29,3,30,31,32,33,34,4,5,6,7,8,9,Un
462	Fundulus_diaphanus	SAMN39736529	GCA_037039145.1	GCA_037039145.1_fFunDia1.hap1_genomic.fna	8.2e-09	0.6	5.55e-09	1,10,11,12,13,14,15,16,17,18,19,2,20,21,22,23,24,3,4,5,6,7,8,9,Un
463	Microtus_pennsylvanicus	SAMN39894136	GCA_037038515.1	GCA_037038515.1_mMicPen1.hap1_genomic.fna	5.81875e-09	0.66	8.36e-09	1,10,11,12,13,14,15,16,17,18,19,2,20,21,22,3,4,5,6,7,8,9,Un
464	Rhynchonycteris_naso	SAMN39947078	GCA_037038555.1	GCA_037038555.1_mRhyNas2.hap2_genomic.fna	8.1e-09	5.0	8.36e-09	1,10,2,3,4,5,6,7,8,9,Un
465	Molossus_alvarezi	SAMN40002245	GCA_037176705.1	GCA_037176705.1_mMolAlv2.hap2_genomic.fna	8.1e-09	5.0	8.36e-09	1,10,11,12,13,14,15,16,17,18,19,2,20,21,22,23,3,4,5,6,7,8,9,Un
466	Molossus_nigricans	SAMN40002246	GCA_039880945.1	GCA_039880945.1_mMolNig1.hap1_genomic.fna	8.1e-09	5.0	8.36e-09	1,10,11,12,13,14,15,16,17,18,19,2,20,21,22,23,3,4,5,6,7,8,9,Un
467	Artibeus_lituratus	SAMN40002247	GCA_038363175.2	GCA_038363175.2_mArtLit1.hap2_genomic.fna	8.1e-09	5.0	8.36e-09	1,10,11,12,13,14,2,3,4,5,6,7,8,9,Un
468	Artibeus_intermedius	SAMN40002248	GCA_038363225.1	GCA_038363225.1_mArtInt1.hap2_genomic.fna	8.1e-09	5.0	8.36e-09	1,10,11,12,13,14,2,3,4,5,6,7,8,9,Un
469	Patagioenas_fasciata	SAMN40018840	GCF_036971685.1	GCF_036971685.1_bPatFas1.hap2_genomic.fna	6.68e-09	3.0	1.043e-08	1,10,11,12,13,14,15,16,17,18,19,2,20,21,22,23,24,25,26,27,28,29,3,30,31,32,33,34,35,36,37,38,39,4,5,6,7,8,9,Un
470	Lophius_americanus	SAMN40082097	GCA_037951165.1	GCA_037951165.1_fLopAme1_p1.0_genomic.fna	2.25e-09	2.0	5.55e-09	Un
471	Anolis_sagrei	SAMN40144551	GCF_037176765.1	GCF_037176765.1_rAnoSag1.mat_genomic.fna	1.43e-08	2.0	1.241e-08	1,10,11,12,13,2,3,4,5,6,7,8,9,Un
472	Lathamus_discolor	SAMN40289871	GCF_037157495.1	GCF_037157495.1_bLatDis1.hap1_genomic.fna	1e-08	15.0	1.043e-08	1,10,11,12,13,14,15,16,17,18,19,2,20,21,22,23,24,3,4,5,6,7,8,9,Un
473	Rhinophrynus_dorsalis	SAMN40302865	GCA_037306005.1	GCA_037306005.1_aRhiDor1.hap1_genomic.fna	7.76e-10	0.66	7.76e-10	1,10,11,2,3,4,5,6,7,8,9,Un
474	Microcebus_murinus	SAMN40455320	GCA_040939455.1	GCA_040939455.1_Inina_MMUR_h1_genomic.fna	1.52e-08	2.5	8.36e-09	Un
475	Brosme_brosme	SAMN40462367	GCA_040955175.1	GCA_040955175.1_fBroBro1_a1.1_genomic.fna	7.36e-09	1.0	5.55e-09	Un
476	Cyprinella_venusta	SAMN40647018	GCA_038021265.1	GCA_038021265.1_fCypVen1.hap1_genomic.fna	5.62e-09	3.0	5.55e-09	1,10,11,12,13,14,15,16,17,18,19,2,20,21,22,23,24,25,3,4,5,6,7,8,9,Un
477	Sarcoramphus_papa	SAMN40647026	GCA_037962945.1	GCA_037962945.1_bSarPap1.hap1_genomic.fna	2.61e-09	11.0	1.043e-08	1,10,11,12,13,14,15,16,17,18,19,2,20,21,22,23,24,25,26,27,28,29,3,30,31,32,33,34,35,36,37,38,39,4,5,6,7,8,9,Un
478	Sorex_ornatus	SAMN40725982	GCA_041430695.1	GCA_041430695.1_mSorOrn1.0.p_genomic.fna	4.7e-09	4.0	8.36e-09	Un
479	Osmerus_mordax	SAMN40867348	GCF_038355195.1	GCF_038355195.1_fOsmMor3.pri_genomic.fna	4.31e-09	3.0	5.55e-09	1,10,11,12,13,14,15,16,17,18,19,2,20,21,22,23,24,25,26,27,28,3,4,5,6,7,8,9,Un
480	Glossophaga_mutica	SAMN40946060	GCA_039655065.1	GCA_039655065.1_mGloMut1.hap1_genomic.fna	8.1e-09	5.0	8.36e-09	1,10,11,12,13,14,15,2,3,4,5,6,7,8,9,Un
481	Amazona_ochrocephala	SAMN41018448	GCA_039720435.1	GCA_039720435.1_bAmaOch1.hap1_genomic.fna	1e-08	15.0	1.043e-08	1,10,11,12,13,14,15,16,17,18,19,2,20,21,22,23,24,25,26,27,28,29,3,30,31,32,4,5,6,7,8,9,Un
482	Aegotheles_albertisi	SAMN41085506	GCA_039906565.1	GCA_039906565.1_bAegAlb1.hap1_genomic.fna	6.68e-09	3.0	1.043e-08	1,10,11,12,13,14,15,16,17,18,19,2,20,21,22,23,24,25,26,27,28,29,3,30,31,32,33,34,35,36,37,4,5,6,7,8,9,Un
483	Anaxyrus_boreas	SAMN41143300	GCA_041430395.1	GCA_041430395.1_aAnaBor1.0.p_genomic.fna	7.76e-10	0.66	7.76e-10	Un
484	Foetorepus_agassizii	SAMN41151139	GCA_040954885.1	GCA_040954885.1_fFoeAga1_p1.1_genomic.fna	5.61e-09	1.0	5.55e-09	Un
485	Liparis_gibbus	SAMN41151141	GCA_040955785.1	GCA_040955785.1_fLipGib1_a1.1_genomic.fna	4.36e-09	1.5	5.55e-09	Un
486	Cryptacanthodes_maculatus	SAMN41151144	GCA_040955065.1	GCA_040955065.1_fCryMac1_a1.1_genomic.fna	4.36e-09	1.5	5.55e-09	Un
487	Eumicrotremus_spinosus	SAMN41151145	GCA_040955625.1	GCA_040955625.1_fEumSpi2_a1.1_genomic.fna	4.36e-09	1.5	5.55e-09	Un
488	Polymixia_lowei	SAMN41151146	GCA_040436115.1	GCA_040436115.1_fPolLow1_p1.1_genomic.fna	7.36e-09	1.0	5.55e-09	Un
489	Ascaphus_truei	SAMN41155128	GCA_040206685.1	GCA_040206685.1_aAscTru1.hap1_genomic.fna	7.76e-10	0.66	7.76e-10	1,10,11,12,13,14,15,16,17,18,19,2,20,21,22,23,3,4,5,6,7,8,9,Un
490	Lepisosteus_oculatus	SAMN41155427	GCA_040954835.1	GCA_040954835.1_fLepOcu1.hap2_genomic.fna	5.62e-09	3.0	5.55e-09	1,10,11,12,13,14,15,16,17,18,19,2,20,21,22,23,24,25,26,27,28,29,3,4,5,6,7,8,9,Un
491	Chaetodon_trifascialis	SAMN41253346	GCA_039877785.1	GCA_039877785.1_fChaTrf1.hap1_genomic.fna	2.25e-09	2.0	5.55e-09	1,10,11,12,13,14,15,16,17,18,19,2,20,21,22,23,24,3,4,5,6,7,8,9,Un
492	Excalfactoria_chinensis	SAMN41253798	GCA_039878825.1	GCA_039878825.1_bCotChi1.hap2_genomic.fna	5.67e-09	1.0	1.043e-08	1,10,11,12,13,14,15,16,17,18,19,2,20,21,22,23,24,25,26,27,28,29,3,30,31,32,4,5,6,7,8,9,Un
493	Pseudorca_crassidens	SAMN41253811	GCF_039906515.1	GCF_039906515.1_mPseCra1.hap1_genomic.fna	8.83e-09	20.0	8.36e-09	1,10,11,12,13,14,15,16,17,18,19,2,20,21,3,4,5,6,7,8,9,Un
494	Capra_hircus	SAMN41386043	GCA_041053135.1	GCA_041053135.1_T2T-goat2.0P_genomic.fna	5.25e-09	1.7	8.36e-09	1,10,11,12,13,14,15,16,17,18,19,2,20,21,22,23,24,25,26,27,28,29,3,4,5,6,7,8,9
495	Lepus_timidus	SAMN41430840	GCA_040893755.1	GCA_040893755.1_mLepTim1.1_al_genomic.fna	5.81875e-09	0.66	8.36e-09	1,10,11,12,13,14,15,16,17,18,19,2,20,21,22,23,3,4,5,6,7,8,9,Un
496	Symphurus_diomedeanus	SAMN41679874	GCA_041228455.1	GCA_041228455.1_fSymDio1_p1.1_genomic.fna	9.13e-09	2.0	5.55e-09	Un
497	Struthio_camelus	SAMN42123890	GCA_040807025.1	GCA_040807025.1_bStrCam1.hap1_genomic.fna	3.97e-08	3.0	1.043e-08	1,10,11,12,13,14,15,16,17,18,19,2,20,21,22,23,24,25,26,27,28,29,3,30,31,32,33,34,35,36,37,38,39,4,5,6,7,8,9,Un
498	Engystomops_pustulosus	SAMN42463661	GCA_040894005.1	GCA_040894005.1_aEngPut4.maternal_genomic.fna	7.76e-10	0.66	7.76e-10	1,10,11,2,3,4,5,6,7,8,9,Un
